symbol,date,open,high,low,close,volume,adjusted
AA,2010-01-04,39.577412,40.58667,39.409199,40.009949,10773700,37.018944
AA,2010-01-08,39.553379,40.899059,39.52935,40.899059,13835200,37.841591
AA,2010-01-11,42.028469,42.292801,41.163391,41.93235,31810900,38.797623
AA,2010-01-15,37.871281,38.087551,37.150379,37.558891,13905100,34.751122
AA,2010-01-22,34.074539,34.074539,32.03199,32.200199,35155400,29.793018
AA,2010-01-25,33.065281,33.281551,31.983931,32.17617,18389600,29.770792
AA,2010-01-29,31.55139,31.9599,30.30183,30.590191,17872900,28.303379
AA,2010-02-01,31.21497,32.17617,31.02273,32.10408,16677500,29.704086
AA,2010-02-05,31.02273,31.69557,30.30183,31.671539,18303700,29.368334
AA,2010-02-08,31.671539,32.512589,31.070789,31.383181,16398500,29.100948
AA,2010-02-12,32.03199,32.24826,31.69557,31.91184,19208600,29.59116
AA,2010-02-19,32.56065,32.897072,32.320351,32.512589,11889200,30.148228
AA,2010-02-22,32.873039,32.921101,32.296322,32.536621,9648900,30.170506
AA,2010-02-26,32.10408,32.128109,31.527361,31.9599,10302100,29.635725
AA,2010-03-01,31.83975,32.224232,31.69557,31.983931,13145900,29.65801
AA,2010-03-05,32.536621,33.545879,32.41647,33.257519,16957400,30.838976
AA,2010-03-08,33.641998,33.69006,32.945129,33.113338,13512400,30.705288
AA,2010-03-12,33.041248,33.281551,32.608711,32.680801,12004100,30.304197
AA,2010-03-15,32.608711,32.680801,32.080051,32.464531,9779900,30.103659
AA,2010-03-19,34.266781,34.939621,33.810211,34.266781,18574900,31.774843
AA,2010-03-22,33.786179,34.723351,33.401699,34.459019,12933300,31.953108
AA,2010-03-26,34.338871,34.699322,33.90633,34.29081,13387800,31.797129
AA,2010-03-29,34.723351,34.89156,34.43499,34.699322,9919100,32.175934
AA,2010-04-05,35.011711,35.5644,34.819469,35.396191,13025000,32.822121
AA,2010-04-09,35.3241,35.420219,34.098572,34.57917,23392200,32.06451
AA,2010-04-12,34.867531,35.49231,34.723351,35.011711,23807100,32.465599
AA,2010-04-16,34.170658,34.266781,33.1614,33.425731999999996,21650000,30.994959
AA,2010-04-19,33.08931,33.113338,32.41647,32.969158,15692300,30.571594
AA,2010-04-23,33.30558,34.074539,33.065281,33.90633,10201800,31.440617
AA,2010-04-26,34.026482,34.338871,33.69006,33.76215,9058500,31.306915
AA,2010-04-30,32.993191,33.113338,32.128109,32.272289,12193800,29.9254
AA,2010-05-03,32.440498,32.536621,31.16691,31.599449,18977100,29.301487
AA,2010-05-07,29.14839,29.74914,28.16316,28.836,30292500,26.802921
AA,2010-05-10,30.15765,30.42198,29.74914,30.253771,16191200,28.120735
AA,2010-05-14,30.42198,30.42198,29.36466,29.70108,16724800,27.607008
AA,2010-05-17,29.532869,29.62899,28.3554,29.0763,16150900,27.026274
AA,2010-05-21,26.168671,27.514351,25.9524,27.27405,18176600,25.351093
AA,2010-05-24,27.177931,27.442261,26.60121,26.649269,9277600,24.770363
AA,2010-05-28,28.331369,28.331369,27.730619,27.970921,8737200,25.998835
AA,2010-06-04,26.529119,27.057779,25.976431,26.048519,12658600,24.211971
AA,2010-06-07,26.120609,26.28882,25.231501,25.255529,11803100,23.474888
AA,2010-06-11,26.793449,27.370171,26.6733,27.29808,7630900,25.373428
AA,2010-06-14,27.75465,28.067039,27.177931,27.250019,7419100,25.328758
AA,2010-06-18,26.88957,27.105841,26.48106,26.69733,8917900,24.815037
AA,2010-06-21,27.46629,29.124359,27.442261,28.16316,26325900,26.177521
AA,2010-06-25,26.841511,27.105841,26.40897,26.985689,11928900,25.083063
AA,2010-06-28,26.913601,27.08181,26.433001,26.505091,7943400,24.636356
AA,2010-07-02,24.46254,24.46254,23.74164,24.030001,6447900,22.335768
AA,2010-07-09,25.80822,26.36091,25.640011,26.28882,8759600,24.435335
AA,2010-07-12,26.433001,26.433001,25.66404,26.120609,16272700,24.278978
AA,2010-07-16,25.76016,25.832251,25.01523,25.01523,11756400,23.251534
AA,2010-07-19,25.231501,25.66404,24.774929,25.42374,11118200,23.631241
AA,2010-07-23,26.120609,26.721359,25.640011,26.55315,10444800,24.681023
AA,2010-07-26,26.769421,27.322109,26.457029,26.985689,11002200,25.083063
AA,2010-07-30,26.312851,27.105841,26.096581,26.841511,9422300,24.949051
AA,2010-08-02,27.27405,28.187189,27.22599,28.13913,10792000,26.155176
AA,2010-08-06,27.514351,28.187189,27.514351,27.850771,7307400,25.95451
AA,2010-08-09,27.922859,28.23525,27.82674,28.01898,6054800,26.111265
AA,2010-08-13,25.640011,25.92837,25.42374,25.567921,6422700,23.827089
AA,2010-08-16,25.375681,25.68807,25.231501,25.471800000000002,6065900,23.737516
AA,2010-08-20,25.32762,25.447769,25.111349,25.39971,7006400,23.670336
AA,2010-08-23,25.640011,25.68807,24.87105,24.919109,7162900,23.222456
AA,2010-08-27,24.39045,24.895081,23.957911,24.79896,10162400,23.110487
AA,2010-08-30,24.7509,25.13538,24.60672,24.630751,9118300,22.953728
AA,2010-09-03,26.457029,26.60121,26.00046,26.14464,6922300,24.364546
AA,2010-09-10,26.96166,27.322109,26.74539,26.841511,6512400,25.013968
AA,2010-09-13,27.34614,27.850771,27.22599,27.68256,10247900,25.79775
AA,2010-09-17,27.20196,27.250019,26.6733,26.841511,9452600,25.013968
AA,2010-09-20,27.033751,27.49032,26.769421,27.34614,7771100,25.484232
AA,2010-09-24,28.836,29.43675,28.76391,29.316601,12843300,27.320532
AA,2010-09-27,29.22048,29.22048,28.73988,29.00421,11123400,27.029413
AA,2010-10-01,29.41272,29.797199,29.316601,29.388691,9570200,27.387722
AA,2010-10-04,29.172421,29.316601,28.379431,28.643761,12942400,26.693501
AA,2010-10-08,30.2778,31.55139,30.2778,30.97467,30284300,28.865715
AA,2010-10-11,31.335119,31.455271,30.83049,31.070789,9715900,28.955284
AA,2010-10-15,31.791691,31.935869,30.68631,31.55139,17044300,29.403162
AA,2010-10-18,31.527361,31.69557,30.90258,31.57542,7723000,29.425564
AA,2010-10-22,30.782431,30.87855,30.34989,30.56616,7794200,28.485016
AA,2010-10-25,31.09482,31.35915,30.83049,30.95064,8543800,28.843321
AA,2010-10-29,30.397949,31.791691,30.22974,31.57542,16339900,29.425564
AA,2010-11-01,31.69557,31.935869,31.118851,31.35915,7852500,29.224016
AA,2010-11-05,32.84901,33.83424,32.48856,33.641998,13374600,31.422634
AA,2010-11-08,33.401699,33.61797,33.01722,33.545879,9425300,31.332859
AA,2010-11-12,32.84901,32.969158,32.007961,32.41647,11548500,30.277954
AA,2010-11-15,32.800949,32.897072,32.17617,32.200199,7672700,30.075943
AA,2010-11-19,31.91184,32.344379000000004,31.455271,32.152142,7472400,30.031059
AA,2010-11-22,32.007961,32.152142,31.50333,31.935869,7264400,29.82906
AA,2010-11-26,31.55139,31.719601,31.383181,31.647511,2318700,29.559719
AA,2010-11-29,31.407209,32.080051,31.239,31.935869,9096100,29.82906
AA,2010-12-03,33.497822,34.242748,33.37767,34.194691,10436200,31.93886
AA,2010-12-06,34.05051,34.386929,33.954391,34.218719,7631300,31.961319
AA,2010-12-10,33.954391,34.314838,33.738121,34.242748,5465400,31.983749
AA,2010-12-13,34.531109,34.843498,34.314838,34.50708,6981300,32.230644
AA,2010-12-17,34.819469,35.083801,34.65126,34.987679,8935800,32.679543
AA,2010-12-20,35.059769,35.516338,34.627232,35.49231,8993600,33.150883
AA,2010-12-27,36.645748,36.7659,36.117088,36.597691,5590800,34.183334
AA,2010-12-31,36.5256,37.246498,36.405449,36.982170000000004,5971200,34.54245
AA,2011-01-03,38.015461,38.9286,37.919338,37.9674,17378200,35.462681
AA,2011-01-07,39.52935,39.577412,38.688301,39.45726,15107100,36.854256
AA,2011-01-10,40.154129,40.154129,39.409199,39.625469,24682600,37.011383
AA,2011-01-14,37.943371,38.616211,37.847252,38.375912,17067100,35.84425
AA,2011-01-21,38.616211,38.9286,37.895309,37.943371,11634000,35.440224
AA,2011-01-24,38.135609,39.721588,38.015461,39.481289,17326200,36.876705
AA,2011-01-28,39.76965,39.76965,38.448002,38.760391,11796700,36.203365
AA,2011-01-31,38.880539,39.817711,38.880539,39.817711,11986800,37.190926
AA,2011-02-04,41.668018000000004,41.78817,40.875031,41.18742,7606100,38.537022
AA,2011-02-07,41.64399,41.980412,41.523842,41.619961000000004,10878900,38.941742
AA,2011-02-11,41.163391,41.884289,40.778912,41.740108,9083200,39.054146
AA,2011-02-14,41.812199,42.485039,41.71608,42.268768,9653900,39.548798
AA,2011-02-18,42.220711,42.24474,41.163391,41.523842,9515700,38.851799
AA,2011-02-25,40.466518,40.58667,39.649502,40.082039,7862400,37.502781
AA,2011-02-28,40.394428,40.682789,40.05801,40.490551,9034300,37.884998
AA,2011-03-04,40.298309,40.370399,39.337109,39.84174,7741800,37.277935
AA,2011-03-07,39.84174,40.250252,38.64024,39.048752,8885200,36.535988
AA,2011-03-11,37.198441,38.760391,37.05426,38.520088,9494700,36.04134
AA,2011-03-14,38.32785,38.808449,38.207699,38.736359,7414900,36.243694
AA,2011-03-18,39.24099,39.24099,38.544121,38.71233,10423000,36.221214
AA,2011-03-21,39.361141,39.793678,39.072781,39.76965,7769200,37.210487
AA,2011-03-25,41.25951,41.427719,40.971149,41.067268,6455900,38.42461
AA,2011-03-28,41.163391,41.884289,40.899059,41.427719,8071700,38.761864
AA,2011-04-01,42.773399,42.773399,41.836231,41.980412,10356300,39.27898
AA,2011-04-04,41.86026,42.38892,41.86026,42.196678,5659500,39.481339
AA,2011-04-08,43.950871,44.383411,42.653252,43.06176,12199000,40.290749
AA,2011-04-11,43.398178,43.710571,42.412949,42.701309,18176200,39.95351
AA,2011-04-15,39.84174,39.91383,39.505322,39.697559,7398500,37.143028
AA,2011-04-18,39.31308,39.337109,38.159641,38.760391,14666600,36.266182
AA,2011-04-25,40.706821,40.80294,40.033981,40.58667,6482000,37.974934
AA,2011-04-29,40.995178,41.139359,40.154129,40.851002,8614200,38.222263
AA,2011-05-02,41.499809,41.980412,41.283539,41.379662,11395300,38.716908
AA,2011-05-06,41.547871,41.740108,40.778912,41.211449,11306100,38.559513
AA,2011-05-09,41.235481,42.24474,40.971149,42.124592,8539400,39.413887
AA,2011-05-13,41.067268,41.3316,40.370399,41.091301,10137300,38.514851
AA,2011-05-16,40.851002,41.547871,40.490551,40.65876,7434700,38.109444
AA,2011-05-20,39.91383,40.106071,39.072781,39.072781,10321500,36.622898
AA,2011-05-23,38.351879,38.664268,38.03949,38.39994,9624700,35.99226
AA,2011-05-27,39.553379,39.76965,39.409199,39.60144,4778900,37.118431
AA,2011-06-03,38.18367,38.688301,37.895309,38.25576,7407100,35.857117
AA,2011-06-06,38.25576,38.375912,37.36665,37.51083,6861500,35.158897
AA,2011-06-10,37.05426,37.486801,36.45351,36.717838,7985100,34.415627
AA,2011-06-13,36.741871,37.102322,35.828732,36.285301,8071500,34.010204
AA,2011-06-17,35.684551,35.804699,35.059769,35.372162,10017400,33.15432
AA,2011-06-20,35.25201,35.684551,34.987679,35.516338,5056300,33.289455
AA,2011-06-24,36.862019,37.36665,36.38142,36.597691,10713400,34.303001
AA,2011-06-27,36.573662,36.982170000000004,36.141121,36.717838,5580700,34.415627
AA,2011-07-01,38.423969,39.31308,38.18367,39.192928,7722200,36.735516
AA,2011-07-08,39.048752,39.38517,38.736359,39.361141,8062400,36.893192
AA,2011-07-11,38.71233,38.832481,37.7271,38.231731,17918200,35.834591
AA,2011-07-15,37.294559,37.486801,36.934109,37.198441,8490700,34.866085
AA,2011-07-18,36.886051,36.91008,36.285301,36.45351,9436700,34.16787
AA,2011-07-22,38.015461,38.087551,37.751129,38.03949,4930500,35.654396
AA,2011-07-25,37.534859,37.943371,37.43874,37.606949,5534200,35.248981
AA,2011-07-29,34.96365,35.876789,34.843498,35.396191,9255500,33.176846
AA,2011-08-01,36.23724,36.405449,34.89156,35.444248,9532700,33.221886
AA,2011-08-05,31.599449,31.88781,29.532869,30.734369,21149800,28.868477
AA,2011-08-08,29.22048,29.77317,27.08181,27.22599,24830000,25.573093
AA,2011-08-12,30.15765,30.22974,29.10033,29.460779,15026900,27.672207
AA,2011-08-15,29.989441,30.2778,29.797199,30.181681,8236400,28.349346
AA,2011-08-19,26.985689,28.23525,26.69733,26.93763,12340800,25.30224
AA,2011-08-22,28.307341,28.331369,26.913601,26.985689,11647300,25.347382
AA,2011-08-26,27.658529,28.73988,27.20196,28.49958,8928200,26.769361
AA,2011-08-29,29.22048,29.869289,28.932119,29.845261,6489100,28.03335
AA,2011-09-02,29.244511,29.48481,28.69182,28.932119,7473000,27.175642
AA,2011-09-09,28.42749,28.595699,27.634501,27.82674,10392200,26.137369
AA,2011-09-12,27.322109,28.115101,26.93763,27.75465,12064200,26.069656
AA,2011-09-16,28.908091,29.052271,28.40346,28.76391,9875200,27.017641
AA,2011-09-19,28.187189,28.23525,27.394199,27.82674,9851800,26.137369
AA,2011-09-23,24.102091,24.774929,23.909849,24.19821,16551800,22.729132
AA,2011-09-26,24.60672,25.111349,23.81373,25.111349,13417900,23.586832
AA,2011-09-30,23.86179,24.030001,22.972679,22.99671,15653900,21.600574
AA,2011-10-03,22.61223,22.66029,21.26655,21.3867,22427000,20.088308
AA,2011-10-07,24.48657,24.60672,22.85253,23.33313,18680200,21.916574
AA,2011-10-10,24.102091,24.318359,23.81373,24.246269,12314400,22.774271
AA,2011-10-14,24.72687,25.039261,24.12612,24.654779,15890200,23.15798
AA,2011-10-17,24.79896,24.82299,22.94865,23.020741,23568700,21.623142
AA,2011-10-21,24.34239,24.582689,24.15015,24.582689,11929500,23.090269
AA,2011-10-24,24.82299,25.61598,24.630751,25.42374,15269200,23.880257
AA,2011-10-28,27.00972,28.01898,26.86554,27.80271,13557100,26.114799
AA,2011-10-31,27.250019,27.250019,25.856279,25.856279,16293300,24.286539
AA,2011-11-04,26.00046,26.40897,25.471800000000002,26.26479,10402100,24.741623
AA,2011-11-07,26.096581,26.48106,25.42374,25.832251,14014400,24.334164
AA,2011-11-11,24.79896,25.591949,24.79896,25.471800000000002,9425200,23.994617
AA,2011-11-14,25.303591,25.54389,24.774929,24.94314,9598100,23.496613
AA,2011-11-18,23.453279,23.693581,23.092831,23.28507,9291000,21.934704
AA,2011-11-21,22.900591,23.044769,22.27581,22.756411,13849800,21.436697
AA,2011-11-25,21.482821,21.819241,21.3867,21.506849,5430200,20.259605
AA,2011-11-28,22.54014,22.99671,22.371929,22.73238,13093800,21.414066
AA,2011-12-02,23.981939,24.22224,23.765671,23.81373,10690800,22.432699
AA,2011-12-05,24.102091,24.294331,23.81373,24.030001,13717700,22.636431
AA,2011-12-09,22.85253,23.26104,22.780439,23.164921,9345600,21.821518
AA,2011-12-12,22.780439,22.828501,22.155661,22.46805,8897500,21.165064
AA,2011-12-16,21.362671,21.554911,20.954161,21.170429,17145400,19.942696
AA,2011-12-19,21.170429,21.170429,20.425501,20.497589,10713100,19.308872
AA,2011-12-23,21.506849,21.554911,21.218491,21.290581,7728500,20.055876
AA,2011-12-30,20.689831,20.78595,20.59371,20.78595,7726400,19.580511
AA,2012-01-06,21.819241,22.227751,21.819241,22.01148,14641100,20.734968
AA,2012-01-09,22.25178,22.780439,22.155661,22.66029,23624200,21.346159
AA,2012-01-13,23.62149,23.717609,23.18895,23.5494,13604900,22.183701
AA,2012-01-20,24.366421,24.53463,24.174179,24.438511,9716200,23.021248
AA,2012-01-23,24.53463,24.79896,24.366421,24.630751,11912700,23.202341
AA,2012-01-27,24.654779,25.15941,24.46254,25.06329,9039200,23.609798
AA,2012-01-30,24.72687,25.039261,24.558661,24.79896,8033300,23.360798
AA,2012-02-03,25.42374,25.92837,25.231501,25.856279,14933500,24.428928
AA,2012-02-06,25.591949,25.856279,25.471800000000002,25.80822,7764100,24.383524
AA,2012-02-10,25.13538,25.13538,24.558661,24.72687,9659100,23.361866
AA,2012-02-13,25.01523,25.111349,24.72687,24.82299,7924300,23.452677
AA,2012-02-17,24.919109,24.967171,24.2703,24.39045,8242300,23.044018
AA,2012-02-24,25.13538,25.39971,25.01523,25.06329,7912600,23.679718
AA,2012-02-27,24.87105,25.01523,24.654779,24.79896,6474900,23.429981
AA,2012-03-02,24.630751,24.79896,24.46254,24.60672,9339700,23.248348
AA,2012-03-05,24.41448,24.438511,23.62149,23.717609,12388800,22.408318
AA,2012-03-09,23.573429,24.00597,23.453279,23.573429,8924000,22.272104
AA,2012-03-12,23.645519,23.93388,23.5494,23.717609,8817100,22.408318
AA,2012-03-16,24.991199,25.519859,24.94314,25.32762,12873900,23.929457
AA,2012-03-19,25.255529,25.832251,25.255529,25.471800000000002,7832700,24.065678
AA,2012-03-23,24.054029,24.654779,23.93388,24.294331,8329700,22.953211
AA,2012-03-26,24.630751,24.7509,24.318359,24.558661,5731200,23.202946
AA,2012-03-30,24.34239,24.39045,23.981939,24.07806,8385600,22.748875
AA,2012-04-02,23.86179,24.60672,23.86179,24.438511,7775700,23.089426
AA,2012-04-09,22.85253,23.357161,22.73238,23.0688,9854100,21.795328
AA,2012-04-13,24.22224,24.34239,23.59746,23.66955,11211600,22.362915
AA,2012-04-16,23.88582,23.909849,23.381189,23.693581,11208800,22.385622
AA,2012-04-20,23.66955,23.86179,23.237009,23.309099,8280700,22.022364
AA,2012-04-23,22.92462,23.237009,22.756411,23.14089,8922200,21.863441
AA,2012-04-27,23.717609,23.7897,23.309099,23.429251,8459900,22.13588
AA,2012-04-30,23.309099,23.52537,23.164921,23.381189,6814600,22.090475
AA,2012-05-04,22.828501,22.87656,22.444019,22.516109,7303300,21.273148
AA,2012-05-07,22.371929,22.61223,22.107599,22.419991,7503600,21.182337
AA,2012-05-11,21.60297,22.05954,21.60297,21.771179,6876500,20.637003
AA,2012-05-14,21.554911,21.915359,21.434759,21.434759,7823800,20.318106
AA,2012-05-18,20.54565,20.85804,20.13714,20.25729,11219200,19.201979
AA,2012-05-21,20.40147,20.689831,20.305349,20.6658,6307700,19.589209
AA,2012-05-25,20.52162,20.834009000000002,20.52162,20.73789,6354800,19.657545
AA,2012-06-01,20.161169,20.377439,19.92087,19.944901,10255500,18.905861
AA,2012-06-04,19.87281,20.161169,19.72863,20.161169,9476400,19.110865
AA,2012-06-08,20.353411,20.52162,20.06505,20.47356,6931400,19.406981
AA,2012-06-11,20.689831,20.85804,19.968929,19.99296,7194200,18.951418
AA,2012-06-15,20.978189,21.19446,20.78595,21.19446,7054600,20.090328
AA,2012-06-18,21.00222,21.07431,20.71386,20.882071,5844100,19.794216
AA,2012-06-22,20.59371,20.80998,20.425501,20.71386,10713200,19.63476
AA,2012-06-25,20.425501,20.425501,20.089081,20.161169,7993800,19.110865
AA,2012-06-29,20.85804,21.026251,20.641769,21.026251,11077000,19.93088
AA,2012-07-02,21.00222,21.07431,20.641769,20.73789,8887000,19.657545
AA,2012-07-06,21.12237,21.12237,20.689831,20.978189,10496000,19.885324
AA,2012-07-09,20.761921,21.07431,20.59371,21.05028,14733700,19.953661
AA,2012-07-13,20.06505,20.25729,19.87281,20.233259,7807800,19.179203
AA,2012-07-16,20.20923,20.233259,19.944901,20.016991,6331200,18.974203
AA,2012-07-20,19.968929,20.11311,19.824751,19.84878,5760100,18.814753
AA,2012-07-23,19.560419,19.58445,19.27206,19.560419,8426200,18.54141
AA,2012-07-27,19.752661,20.47356,19.58445,20.305349,11377100,19.247538
AA,2012-07-30,20.353411,20.377439,19.944901,20.305349,5892000,19.247538
AA,2012-08-03,19.968929,20.305349,19.84878,20.11311,6090000,19.133078
AA,2012-08-06,20.161169,20.59371,20.13714,20.425501,7526900,19.430246
AA,2012-08-10,21.07431,21.578939,20.85804,21.578939,7579600,20.527483
AA,2012-08-13,21.41073,21.554911,21.1464,21.218491,4483300,20.184599
AA,2012-08-17,21.05028,21.26655,20.906099,21.026251,4522900,20.001724
AA,2012-08-20,21.00222,21.218491,20.882071,21.1464,3765700,20.116022
AA,2012-08-24,20.689831,20.85804,20.54565,20.73789,4339000,19.727415
AA,2012-08-27,20.834009000000002,20.85804,20.32938,20.377439,4933200,19.384529
AA,2012-08-31,20.497589,20.6658,20.25729,20.569679,7037500,19.567404
AA,2012-09-07,21.218491,21.8673,21.218491,21.8673,10872200,20.801794
AA,2012-09-10,21.819241,22.371929,21.699089,21.74715,12317400,20.6875
AA,2012-09-14,23.5494,23.86179,23.501341,23.645519,12363500,22.493366
AA,2012-09-17,23.357161,23.52537,22.972679,23.020741,7832400,21.899035
AA,2012-09-21,22.444019,22.516109,21.8673,21.93939,9521000,20.870373
AA,2012-09-24,21.74715,21.93939,21.67506,21.771179,6508800,20.710352
AA,2012-09-28,21.41073,21.506849,21.242519,21.290581,6289800,20.253176
AA,2012-10-01,21.482821,21.79521,21.290581,21.41073,7077400,20.367472
AA,2012-10-05,22.13163,22.444019,21.699089,21.843269,8028500,20.778933
AA,2012-10-08,21.67506,22.155661,21.627001,21.915359,5930900,20.847513
AA,2012-10-12,21.098339,21.290581,20.80998,20.882071,6406400,19.864571
AA,2012-10-15,20.954161,21.170429,20.73789,21.1464,6082100,20.116022
AA,2012-10-19,22.05954,22.107599,20.78595,21.65103,6584800,20.59606
AA,2012-10-22,21.578939,21.98745,21.53088,21.8673,6622200,20.801794
AA,2012-10-26,20.906099,21.12237,20.73789,20.78595,5914200,19.773132
AA,2012-11-02,21.170429,21.19446,20.71386,20.78595,5672700,19.841949
AA,2012-11-05,20.6658,20.906099,20.641769,20.689831,6930700,19.750195
AA,2012-11-09,20.041019,20.59371,19.99296,20.25729,7589300,19.337301
AA,2012-11-12,20.25729,20.377439,20.13714,20.25729,3571900,19.337301
AA,2012-11-16,19.440269,19.704599,19.17594,19.65654,9535300,18.763832
AA,2012-11-19,19.87281,20.06505,19.72863,20.041019,6078400,19.130852
AA,2012-11-23,20.016991,20.06505,19.84878,20.06505,3254800,19.153793
AA,2012-11-26,20.016991,20.06505,19.824751,19.968929,4981800,19.062031
AA,2012-11-30,20.20923,20.305349,19.99296,20.20923,5077200,19.291422
AA,2012-12-03,20.305349,20.305349,20.06505,20.20923,5679000,19.291422
AA,2012-12-07,20.59371,20.641769,20.305349,20.425501,5063400,19.497871
AA,2012-12-10,20.32938,20.6658,20.32938,20.59371,4949000,19.658438
AA,2012-12-14,20.6658,21.026251,20.641769,21.00222,5526300,20.048399
AA,2012-12-17,21.07431,21.12237,20.71386,21.026251,6810100,20.071339
AA,2012-12-21,20.78595,20.80998,20.44953,20.59371,7934500,19.658438
AA,2012-12-24,20.497589,20.761921,20.47356,20.71386,3355800,19.773132
AA,2012-12-28,20.59371,20.6658,20.40147,20.425501,4182000,19.497871
AA,2012-12-31,20.47356,20.882071,20.377439,20.85804,8046500,19.910763
AA,2013-01-04,21.891331,22.299841,21.8673,22.25178,7634300,21.241209
AA,2013-01-07,22.299841,22.32387,21.8673,21.8673,9065600,20.874187
AA,2013-01-11,21.67506,21.67506,21.362671,21.482821,8212400,20.507174
AA,2013-01-14,21.578939,21.67506,21.362671,21.434759,7788700,20.461294
AA,2013-01-18,21.554911,21.67506,21.41073,21.627001,9247300,20.644806
AA,2013-01-25,21.79521,21.819241,21.627001,21.699089,5415900,20.713615
AA,2013-01-28,21.79521,21.843269,21.31461,21.3867,6749300,20.415417
AA,2013-02-01,21.362671,21.627001,21.290581,21.627001,7588600,20.644806
AA,2013-02-04,21.434759,21.506849,21.242519,21.290581,6274500,20.323666
AA,2013-02-08,21.434759,21.554911,21.3867,21.482821,4162100,20.57622
AA,2013-02-11,21.3867,21.45879,21.290581,21.31461,3485000,20.415106
AA,2013-02-15,22.444019,22.492081,22.107599,22.39596,12394000,21.450825
AA,2013-02-22,20.954161,20.978189,20.689831,20.761921,7589600,19.885744
AA,2013-02-25,20.906099,20.954161,20.20923,20.233259,10041600,19.379389
AA,2013-03-01,20.305349,20.425501,20.13714,20.281321,8757300,19.425423
AA,2013-03-04,20.161169,20.233259,19.944901,20.06505,8483500,19.218281
AA,2013-03-08,20.85804,20.906099,20.6658,20.689831,6449500,19.816696
AA,2013-03-11,20.689831,20.85804,20.617741,20.834009000000002,4588500,19.954788
AA,2013-03-15,20.54565,20.73789,20.47356,20.73789,5349800,19.862726
AA,2013-03-18,20.425501,20.78595,20.425501,20.569679,5211200,19.701612
AA,2013-03-22,20.353411,20.425501,20.233259,20.305349,4493700,19.448441
AA,2013-03-25,20.377439,20.377439,20.11311,20.233259,3920400,19.379389
AA,2013-04-01,20.44953,20.52162,20.016991,20.161169,8838400,19.310339
AA,2013-04-05,19.560419,19.92087,19.488331,19.80072,10085700,18.965107
AA,2013-04-08,19.944901,20.20923,19.704599,20.161169,17211400,19.310339
AA,2013-04-12,19.944901,19.99296,19.632509,19.752661,8926400,18.919071
AA,2013-04-15,19.560419,19.632509,19.24803,19.32012,13507700,18.504786
AA,2013-04-19,19.440269,19.488331,19.224001,19.416241,6517400,18.596851
AA,2013-04-22,19.51236,19.58445,19.19997,19.488331,6141500,18.665897
AA,2013-04-26,20.06505,20.089081,19.84878,19.87281,6301200,19.034155
AA,2013-04-29,19.92087,20.281321,19.87281,20.233259,5024800,19.379389
AA,2013-05-03,20.47356,20.906099,20.425501,20.71386,8809300,19.839708
AA,2013-05-06,20.80998,20.954161,20.6658,20.882071,4339000,20.00082
AA,2013-05-10,21.098339,21.1464,20.6658,20.906099,6065600,20.091795
AA,2013-05-13,20.80998,20.85804,20.44953,20.497589,5246000,19.699192
AA,2013-05-17,20.569679,20.80998,20.54565,20.689831,5236200,19.883945
AA,2013-05-20,20.689831,21.07431,20.689831,21.05028,6885600,20.230352
AA,2013-05-24,20.44953,20.617741,20.305349,20.377439,5708600,19.583723
AA,2013-05-31,20.353411,20.71386,20.305349,20.425501,7537500,19.62991
AA,2013-06-03,20.497589,20.641769,20.25729,20.47356,6568400,19.6761
AA,2013-06-07,19.896839,20.06505,19.704599,20.016991,4064000,19.237314
AA,2013-06-10,20.041019,20.161169,19.77669,20.089081,4550100,19.306595
AA,2013-06-14,19.84878,19.944901,19.488331,19.51236,6935500,18.752338
AA,2013-06-17,19.704599,19.72863,19.4643,19.488331,5371900,18.729248
AA,2013-06-21,19.368179,19.488331,19.17594,19.17594,18714200,18.429022
AA,2013-06-24,19.12788,19.151911,18.52713,18.71937,12438000,17.990231
AA,2013-06-28,18.815491,18.93564,18.695339,18.79146,6044900,18.059517
AA,2013-07-01,18.815491,19.00773,18.695339,18.887581,5960600,18.151894
AA,2013-07-05,18.67131,18.767429,18.406981,18.767429,6199200,18.036427
AA,2013-07-08,18.93564,19.079821,18.743401,19.031759,10011900,18.290455
AA,2013-07-12,19.416241,19.560419,19.27206,19.4643,7973100,18.706152
AA,2013-07-15,19.440269,19.65654,19.416241,19.632509,3126800,18.867804
AA,2013-07-19,19.77669,19.77669,19.32012,19.39221,9890600,18.636869
AA,2013-07-22,19.4643,19.560419,19.39221,19.51236,3381000,18.752338
AA,2013-07-26,19.224001,19.416241,19.12788,19.39221,3633300,18.636869
AA,2013-07-29,19.368179,19.368179,19.224001,19.32012,3493100,18.567585
AA,2013-08-02,19.079821,19.296089,19.00773,19.151911,5014700,18.405933
AA,2013-08-05,19.079821,19.24803,19.00773,19.224001,8023000,18.475208
AA,2013-08-09,19.031759,19.752661,19.031759,19.752661,16010100,19.05555
AA,2013-08-12,19.752661,19.896839,19.65654,19.84878,9032400,19.148277
AA,2013-08-16,19.416241,19.51236,19.103849,19.51236,12439300,18.823729
AA,2013-08-19,19.39221,19.440269,19.05579,19.079821,7738000,18.406458
AA,2013-08-23,19.32012,19.51236,19.24803,19.344151,4636500,18.661459
AA,2013-08-26,19.39221,19.51236,19.32012,19.368179,5348100,18.684637
AA,2013-08-30,18.79146,18.83952,18.45504,18.503099,18202900,17.850086
AA,2013-09-06,18.9837,19.103849,18.86355,19.031759,7241100,18.36009
AA,2013-09-09,19.12788,19.58445,19.079821,19.416241,15624000,18.731003
AA,2013-09-13,19.58445,19.65654,19.368179,19.416241,6235200,18.731003
AA,2013-09-16,19.632509,19.65654,19.440269,19.4643,6436900,18.777367
AA,2013-09-20,20.281321,20.281321,19.84878,19.92087,19623400,19.217825
AA,2013-09-23,19.824751,20.11311,19.824751,19.896839,5449100,19.194643
AA,2013-09-27,19.824751,19.896839,19.65654,19.704599,5872900,19.009184
AA,2013-09-30,19.4643,19.704599,19.39221,19.51236,8309300,18.823729
AA,2013-10-04,18.9837,19.368179,18.93564,19.12788,8303400,18.452818
AA,2013-10-07,18.9837,19.224001,18.83952,19.151911,15302700,18.476004
AA,2013-10-11,20.041019,20.233259,19.80072,19.99296,11416400,19.287367
AA,2013-10-14,19.87281,20.40147,19.87281,20.305349,8090500,19.588736
AA,2013-10-18,20.761921,20.85804,20.497589,20.73789,8849000,20.00601
AA,2013-10-21,20.761921,20.85804,20.52162,20.6658,6755000,19.936466
AA,2013-10-25,22.227751,22.39596,21.963421,22.20372,9678200,21.420107
AA,2013-10-28,22.155661,23.164921,22.13163,22.972679,17840000,22.161926
AA,2013-11-01,22.371929,22.516109,21.98745,22.27581,9174900,21.489653
AA,2013-11-04,22.419991,23.957911,22.39596,23.837761,22924000,22.996475
AA,2013-11-08,21.699089,21.819241,21.098339,21.771179,9853500,21.067455
AA,2013-11-11,21.819241,22.20372,21.65103,21.699089,7474000,20.997696
AA,2013-11-15,21.554911,21.8673,21.554911,21.699089,5330800,20.997696
AA,2013-11-18,21.771179,21.843269,21.45879,21.506849,6419400,20.81167
AA,2013-11-22,21.891331,22.27581,21.79521,22.20372,10115100,21.486015
AA,2013-11-25,23.381189,23.429251,22.87656,23.044769,17439000,22.299883
AA,2013-11-29,23.26104,23.357161,23.0688,23.092831,3631900,22.34639
AA,2013-12-02,23.116859,23.18895,22.85253,22.94865,8621300,22.206867
AA,2013-12-06,22.68432,22.780439,22.46805,22.492081,7017200,21.765057
AA,2013-12-09,22.5882,22.87656,22.54014,22.780439,6606100,22.044092
AA,2013-12-13,22.492081,22.85253,22.444019,22.85253,8701400,22.113853
AA,2013-12-16,22.92462,23.116859,22.85253,22.99671,7025500,22.25337
AA,2013-12-20,24.054029,24.22224,23.837761,23.88582,8066500,23.113745
AA,2013-12-23,24.00597,24.438511,23.909849,24.34239,7450600,23.555553
AA,2013-12-27,24.991199,25.712099,24.991199,25.68807,7905700,24.857737
AA,2013-12-30,25.66404,25.88031,25.255529,25.303591,6040500,24.485683
AA,2014-01-03,25.32762,25.640011,25.183439,25.39971,5259100,24.578699
AA,2014-01-06,25.54389,25.66404,25.15941,25.303591,6280200,24.485683
AA,2014-01-10,23.981939,24.510599,23.59746,24.294331,30988700,23.509048
AA,2014-01-13,24.48657,24.630751,24.15015,24.2703,10040500,23.485796
AA,2014-01-17,26.505091,27.706591,26.505091,27.29808,22463900,26.415709
AA,2014-01-24,28.61973,28.787939,27.394199,27.49032,25728900,26.601732
AA,2014-01-27,27.658529,28.40346,27.322109,27.970921,11648500,27.066799
AA,2014-01-31,27.8748,28.3554,27.514351,27.658529,13738700,26.764509
AA,2014-02-03,27.68256,28.16316,26.913601,26.985689,11057900,26.113415
AA,2014-02-07,26.577181,26.93763,26.55315,26.88957,6372100,26.088758
AA,2014-02-10,26.93763,27.129869,26.02449,26.577181,9228200,25.785669
AA,2014-02-14,27.41823,27.61047,27.1539,27.322109,4770100,26.508415
AA,2014-02-21,28.451521,28.643761,28.187189,28.187189,8436200,27.347729
AA,2014-02-24,28.16316,28.40346,27.94689,28.28331,6983200,27.440989
AA,2014-02-28,28.76391,28.88406,28.09107,28.21122,7913200,27.371046
AA,2014-03-03,27.75465,28.259279,27.53838,27.922859,7680200,27.091272
AA,2014-03-07,29.052271,29.36466,28.523609,29.22048,14246600,28.350248
AA,2014-03-10,28.88406,28.908091,28.13913,28.69182,10485300,27.837332
AA,2014-03-14,28.643761,28.715851,27.89883,28.451521,9538000,27.604189
AA,2014-03-17,28.595699,28.95615,28.451521,28.595699,5053800,27.744074
AA,2014-03-21,29.00421,29.0763,28.69182,28.860029,13490600,28.000534
AA,2014-03-24,28.980181,29.388691,28.69182,28.860029,12023200,28.000534
AA,2014-03-28,30.470039,30.63825,29.797199,29.989441,13978500,29.096308
AA,2014-03-31,30.08556,31.16691,30.061529,30.926611,16545100,30.005569
AA,2014-04-04,30.782431,31.407209,30.30183,30.34989,6826900,29.446026
AA,2014-04-07,30.37392,30.7584,29.70108,29.96541,12659000,29.072994
AA,2014-04-11,30.109591000000002,30.30183,29.653021,30.133619,18771600,29.236191
AA,2014-04-14,30.15765,31.046761,30.0375,30.90258,12348900,29.982256
AA,2014-04-21,32.56065,32.680801,32.344379000000004,32.41647,5728500,31.451056
AA,2014-04-25,32.464531,32.464531,31.76766,32.03199,9556100,31.078026
AA,2014-04-28,32.152142,32.152142,31.35915,31.81572,9038400,30.8682
AA,2014-05-02,32.84901,33.37767,32.728859,32.969158,5326500,31.987286
AA,2014-05-05,32.728859,32.84901,32.392441,32.512589,5046000,31.54431
AA,2014-05-09,31.9599,32.152142,31.671539,31.83975,3960600,30.961248
AA,2014-05-12,32.296322,33.209461,32.272289,33.185429,8388500,32.269802
AA,2014-05-16,31.9599,32.368408,31.671539,32.320351,7003300,31.428583
AA,2014-05-19,32.17617,32.512589,32.17617,32.464531,4970400,31.568783
AA,2014-05-23,31.719601,32.536621,31.671539,32.48856,4594600,31.592155
AA,2014-05-30,32.464531,32.70483,32.224232,32.70483,4010100,31.802452
AA,2014-06-02,33.08931,33.329609,32.536621,33.23349,5901200,32.316525
AA,2014-06-06,33.521851,34.483051,33.497822,34.483051,6615300,33.53162
AA,2014-06-09,34.459019,35.03574,34.266781,34.483051,4745300,33.53162
AA,2014-06-13,33.858269,34.987679,33.810211,34.89156,5999200,33.928852
AA,2014-06-16,34.819469,34.89156,34.410961,34.483051,3105700,33.53162
AA,2014-06-20,34.915588,35.203949,34.747379,35.131859,6171600,34.162521
AA,2014-06-23,35.300072,35.540371,35.203949,35.49231,3185700,34.513027
AA,2014-06-27,35.85276,36.044998,35.444248,35.876789,7452100,34.886898
AA,2014-06-30,35.78067,35.804699,35.276039,35.78067,5393200,34.793423
AA,2014-07-07,36.020969,36.16515,35.3241,35.420219,6859000,34.442924
AA,2014-07-11,37.58292,38.39994,37.534859,38.375912,6475500,37.317062
AA,2014-07-14,38.85651,39.048752,38.231731,38.71233,10096600,37.644207
AA,2014-07-18,39.24099,39.84174,39.216961,39.625469,5247400,38.532146
AA,2014-07-21,39.38517,40.082039,39.31308,39.937859,7728400,38.835915
AA,2014-07-25,40.706821,40.706821,39.721588,39.793678,8875100,38.695721
AA,2014-07-28,39.889801,40.923092,39.889801,40.875031,7494500,39.747231
AA,2014-08-01,39.072781,39.91383,38.9286,39.505322,6069400,38.415314
AA,2014-08-04,39.84174,40.226219,39.52935,40.154129,6229300,39.046219
AA,2014-08-08,37.775162,38.808449,37.486801,38.688301,5771900,37.689613
AA,2014-08-11,39.1689,39.433231,38.808449,38.904572,4123200,37.900311
AA,2014-08-15,39.096809,39.216961,38.496059,38.71233,4703600,37.71302
AA,2014-08-18,38.9286,39.31308,38.808449,39.216961,4908700,38.204624
AA,2014-08-22,39.1689,39.721588,39.024719,39.52935,3160500,38.508953
AA,2014-08-25,39.60144,39.817711,39.337109,39.60144,3031500,38.579182
AA,2014-08-29,39.961891,40.106071,39.577412,39.91383,3811300,38.883503
AA,2014-09-05,41.11533,41.547871,40.875031,41.523842,3995700,40.451958
AA,2014-09-08,41.523842,41.571899,40.754879,40.875031,4661600,39.819889
AA,2014-09-12,40.80294,40.80294,39.76965,40.178162,8400600,39.14101
AA,2014-09-15,40.178162,40.250252,38.976662,39.38517,8678200,38.368496
AA,2014-09-19,39.120838,39.265018,38.832481,38.952629,8313700,37.947117
AA,2014-09-22,38.85651,38.85651,37.799191,38.03949,9391600,37.057545
AA,2014-09-26,37.7271,39.00069,37.606949,38.904572,8205100,37.900311
AA,2014-09-29,38.279789,38.664268,37.847252,38.279789,7222400,37.291634
AA,2014-10-03,37.150379,37.919338,36.982170000000004,37.486801,8449800,36.519123
AA,2014-10-06,37.871281,38.56815,37.679039,38.423969,9895600,37.432102
AA,2014-10-10,36.597691,36.886051,35.131859,35.348129,16532700,34.435661
AA,2014-10-13,35.78067,36.669781,34.723351,34.819469,10422400,33.92065
AA,2014-10-17,35.70858,37.534859,35.612461,37.534859,14881800,36.565945
AA,2014-10-20,37.342621,37.751129,37.102322,37.703072,6332700,36.72982
AA,2014-10-24,39.24099,39.817711,38.976662,39.76965,5349000,38.743046
AA,2014-10-27,39.793678,39.817711,39.192928,39.361141,6426900,38.345081
AA,2014-10-31,39.481289,40.274281,39.024719,40.274281,7749100,39.23465
AA,2014-11-03,40.322338,40.923092,40.009949,40.682789,6643900,39.632618
AA,2014-11-07,39.577412,39.625469,39.024719,39.24099,5621000,38.297409
AA,2014-11-10,39.096809,39.553379,38.832481,39.216961,4461500,38.273964
AA,2014-11-14,40.226219,40.80294,39.91383,40.706821,3676600,39.727993
AA,2014-11-17,40.634731,40.73085,40.250252,40.44249,3189300,39.470024
AA,2014-11-21,42.100559,42.653252,41.64399,41.93235,8607600,40.924061
AA,2014-11-24,42.052502,42.31683,41.235481,41.379662,5386500,40.384655
AA,2014-11-28,42.24474,42.268768,41.235481,41.547871,3668600,40.548824
AA,2014-12-01,41.812199,41.86026,40.851002,41.18742,5544900,40.197041
AA,2014-12-05,41.71608,41.78817,40.634731,40.73085,6791600,39.75145
AA,2014-12-08,40.610699,40.754879,39.00069,39.144871,9152800,38.203609
AA,2014-12-12,36.09306,36.741871,35.684551,35.732609,7966900,34.873394
AA,2014-12-15,36.189178,36.741871,35.804699,35.876789,10707400,35.014111
AA,2014-12-19,37.919338,38.544121,37.799191,38.303822,8393500,37.382786
AA,2014-12-22,38.375912,38.423969,37.198441,37.823219,7135500,36.913738
AA,2014-12-26,38.159641,38.279789,37.919338,38.015461,2644900,37.101357
AA,2014-12-29,38.063519,38.351879,37.799191,38.015461,2949500,37.101357
AA,2015-01-02,38.135609,38.39994,37.65501,38.159641,4340300,37.242069
AA,2015-01-05,37.58292,37.606949,35.78067,35.948879,9026400,35.084465
AA,2015-01-09,38.520088,38.808449,37.847252,38.71233,6963000,37.781467
AA,2015-01-12,39.409199,39.481289,38.279789,38.85651,12658800,37.92218
AA,2015-01-16,35.948879,36.717838,35.948879,36.717838,9056400,35.83493
AA,2015-01-23,37.9674,38.32785,37.342621,37.871281,7765000,36.96064
AA,2015-01-26,37.751129,38.71233,37.390678,38.64024,5157000,37.711109
AA,2015-01-30,38.087551,38.56815,37.534859,37.606949,6991100,36.702663
AA,2015-02-02,38.015461,38.688301,37.871281,38.616211,6117700,37.68766
AA,2015-02-06,40.851002,40.851002,39.577412,39.817711,8717800,38.93058
AA,2015-02-09,38.688301,38.688301,37.36665,37.606949,12946100,36.769073
AA,2015-02-13,37.9674,38.25576,37.486801,37.991428,6689700,37.144985
AA,2015-02-20,38.279789,38.616211,37.7271,37.943371,5900700,37.098
AA,2015-02-23,37.558891,37.58292,36.958141,37.270531,5818800,36.440155
AA,2015-02-27,36.285301,36.405449,35.3241,35.540371,8656400,34.748539
AA,2015-03-02,35.540371,36.09306,35.420219,35.92485,8059600,35.124451
AA,2015-03-06,34.386929,34.987679,34.194691,34.795441,8322400,34.020203
AA,2015-03-09,33.473789,33.61797,32.056019,32.921101,32623000,32.187626
AA,2015-03-13,32.993191,33.113338,32.24826,32.608711,7036700,31.882196
AA,2015-03-16,32.77692,32.84901,31.671539,31.935869,12438000,31.224346
AA,2015-03-20,31.28706,31.455271,30.998699,31.16691,16130700,30.472517
AA,2015-03-23,31.09482,31.719601,30.998699,31.239,10528200,30.543003
AA,2015-03-27,30.83049,30.87855,30.397949,30.518101,7071700,29.838163
AA,2015-03-30,30.87855,31.263029,30.71034,31.142879,6711800,30.449022
AA,2015-04-06,31.88781,32.296322,31.743629,32.10408,9484700,31.388809
AA,2015-04-10,31.81572,31.88781,31.239,31.599449,15169200,30.895422
AA,2015-04-13,31.57542,32.152142,31.455271,31.935869,9540900,31.224346
AA,2015-04-17,32.17617,32.48856,31.9599,32.344379000000004,9893100,31.623753
AA,2015-04-20,32.512589,32.993191,32.344379000000004,32.63274,7364500,31.905689
AA,2015-04-24,31.88781,31.935869,31.647511,31.76766,8515100,31.059883
AA,2015-04-27,31.91184,32.752892,31.88781,32.320351,11901900,31.600264
AA,2015-05-01,32.440498,34.338871,32.392441,34.002449,20958500,33.244881
AA,2015-05-04,33.954391,34.242748,33.666031,33.666031,7292000,32.915958
AA,2015-05-08,33.257519,33.353642,32.800949,33.209461,5215300,32.540817
AA,2015-05-11,33.30558,33.37767,32.728859,32.800949,4553400,32.140526
AA,2015-05-15,32.77692,32.800949,32.464531,32.536621,3870600,31.881531
AA,2015-05-18,32.48856,32.512589,31.9599,32.200199,6537000,31.55188
AA,2015-05-22,31.21497,31.35915,31.070789,31.09482,5460500,30.468754
AA,2015-05-29,30.325859,30.397949,29.89332,30.0375,9207800,29.432722
AA,2015-06-01,30.133619,30.15765,29.532869,29.845261,5834800,29.244352
AA,2015-06-05,29.917351,30.01347,29.67705,29.845261,7181700,29.244352
AA,2015-06-08,29.797199,29.845261,29.41272,29.43675,7347500,28.844069
AA,2015-06-12,29.00421,29.22048,28.88406,28.980181,6051600,28.396692
AA,2015-06-15,28.76391,29.10033,28.643761,28.836,5307900,28.255415
AA,2015-06-19,28.595699,28.836,28.49958,28.667789,7951000,28.090588
AA,2015-06-22,28.595699,28.595699,28.09107,28.259279,10027200,27.690304
AA,2015-06-26,27.82674,28.259279,27.778681,28.09107,6763600,27.52548
AA,2015-06-29,27.586439,27.89883,27.250019,27.27405,8292300,26.724911
AA,2015-07-06,26.312851,26.74539,26.240761,26.505091,7507300,25.971434
AA,2015-07-10,25.88031,26.120609,25.495831,25.54389,9911800,25.029585
AA,2015-07-13,25.88031,26.048519,25.68807,26.00046,7938200,25.476965
AA,2015-07-17,25.20747,25.35165,24.895081,25.20747,6659800,24.699938
AA,2015-07-20,25.111349,25.15941,24.46254,24.510599,9474200,24.017099
AA,2015-07-24,23.81373,23.81373,23.18895,23.573429,11491600,23.098801
AA,2015-07-27,23.33313,24.00597,23.044769,23.116859,11601100,22.651421
AA,2015-07-31,24.246269,24.366421,23.693581,23.717609,7629800,23.24008
AA,2015-08-03,23.59746,23.59746,23.020741,23.164921,8966200,22.698515
AA,2015-08-07,23.59746,24.174179,22.492081,22.61223,13834700,22.225481
AA,2015-08-10,22.900591,24.246269,22.61223,24.22224,11631900,23.807955
AA,2015-08-14,22.39596,22.66029,22.299841,22.61223,5513100,22.225481
AA,2015-08-17,22.371929,22.80447,22.25178,22.66029,4549300,22.272717
AA,2015-08-21,21.554911,21.578939,20.978189,20.978189,10484700,20.619387
AA,2015-08-24,19.704599,20.52162,19.151911,19.704599,17121400,19.36758
AA,2015-08-28,21.33864,22.636259,21.1464,22.61223,17510900,22.225481
AA,2015-08-31,22.27581,22.900591,22.155661,22.708349,12678400,22.319952
AA,2015-09-04,22.564171,23.164921,22.3479,22.80447,20015700,22.414431
AA,2015-09-11,23.0688,23.429251,22.92462,23.18895,8154500,22.792334
AA,2015-09-14,23.020741,23.092831,22.39596,22.54014,13011200,22.154621
AA,2015-09-18,23.66955,24.102091,23.453279,23.957911,12108600,23.548143
AA,2015-09-21,23.981939,24.2703,23.7897,23.7897,7369600,23.382811
AA,2015-09-25,22.227751,22.32387,21.53088,21.79521,7908800,21.422434
AA,2015-09-28,22.73238,23.164921,22.107599,23.044769,39826500,22.65062
AA,2015-10-02,21.98745,22.87656,21.8673,22.87656,11710100,22.485287
AA,2015-10-05,23.092831,25.111349,23.0688,25.01523,20160200,24.587379
AA,2015-10-09,25.640011,26.240761,24.630751,24.654779,32757900,24.233091
AA,2015-10-12,24.702841,24.72687,23.957911,24.22224,13085200,23.807955
AA,2015-10-16,23.501341,23.52537,22.66029,22.94865,11370500,22.556145
AA,2015-10-19,22.66029,22.99671,22.492081,22.636259,9597500,22.249096
AA,2015-10-23,22.01148,22.299841,21.771179,21.963421,8446500,21.587767
AA,2015-10-26,21.93939,22.08357,20.93013,21.07431,10811600,20.713865
AA,2015-10-30,21.554911,21.771179,21.31461,21.45879,14542000,21.091766
AA,2015-11-02,21.506849,22.20372,21.45879,22.035509,12476700,21.658623
AA,2015-11-06,21.891331,22.05954,21.578939,21.843269,9720900,21.538557
AA,2015-11-09,21.554911,21.627001,20.425501,20.689831,18093700,20.401209
AA,2015-11-13,18.86355,19.368179,18.79146,19.19997,10909900,18.932133
AA,2015-11-16,19.151911,19.99296,19.12788,19.92087,14040100,19.642975
AA,2015-11-20,21.170429,21.3867,20.641769,20.882071,10348000,20.590765
AA,2015-11-23,21.74715,22.20372,21.31461,21.79521,18402300,21.491169
AA,2015-11-27,22.39596,22.73238,22.3479,22.39596,4095200,22.083534
AA,2015-11-30,22.419991,22.85253,22.371929,22.492081,10018600,22.178318
AA,2015-12-04,21.699089,22.54014,21.627001,22.444019,12284000,22.130928
AA,2015-12-07,22.73238,22.756411,21.506849,21.72312,15582300,21.420084
AA,2015-12-11,21.578939,21.67506,21.026251,21.290581,12975500,20.99358
AA,2015-12-14,21.242519,21.74715,20.85804,21.627001,15272000,21.325304
AA,2015-12-18,22.01148,22.61223,21.93939,22.179689,13507900,21.870283
AA,2015-12-21,22.46805,22.66029,22.179689,22.39596,10401600,22.083534
AA,2015-12-28,24.030001,24.054029,23.573429,23.981939,6495300,23.647394
AA,2016-01-04,22.87656,23.5494,22.708349,23.33313,15779900,23.007635
AA,2016-01-08,20.47356,20.569679,19.27206,19.39221,17366500,19.121691
AA,2016-01-11,19.92087,19.92087,18.9837,19.224001,19951000,18.955828
AA,2016-01-15,16.676821,16.869061,16.268311,16.5807,21738800,16.3494
AA,2016-01-22,17.51787,17.830259,16.412491,16.50861,14308800,16.278316
AA,2016-01-25,16.364429,16.820999,16.24428,16.340401,14161500,16.112455
AA,2016-01-29,16.77294,17.51787,16.77294,17.51787,14886500,17.273497
AA,2016-02-01,17.73414,17.73414,17.085329,17.32563,11044300,17.083937
AA,2016-02-05,19.560419,20.425501,18.93564,19.51236,17872400,19.323334
AA,2016-02-08,18.57519,20.233259,18.52713,18.9837,16452300,18.799797
AA,2016-02-12,18.094589,18.695339,17.686081,18.479071,10832800,18.300055
AA,2016-02-19,19.296089,19.440269,18.83952,18.91161,12881300,18.728405
AA,2016-02-22,19.32012,21.45879,19.32012,21.41073,22938400,21.203316
AA,2016-02-26,21.915359,22.13163,21.19446,21.31461,9315800,21.108124
AA,2016-02-29,21.506849,21.891331,21.26655,21.45879,9189800,21.250908
AA,2016-03-04,23.044769,24.12612,22.636259,22.99671,16989200,22.77393
AA,2016-03-07,23.21298,24.19821,23.092831,24.12612,17470600,23.892399
AA,2016-03-11,23.33313,23.66955,22.708349,22.87656,9729500,22.654943
AA,2016-03-14,22.61223,23.5494,22.492081,23.237009,9020400,23.0119
AA,2016-03-18,24.030001,24.558661,23.5494,24.102091,13993200,23.868603
AA,2016-03-21,23.88582,24.12612,23.33313,23.765671,7950000,23.53544
AA,2016-03-28,23.237009,23.645519,22.756411,23.309099,6867000,23.083292
AA,2016-04-01,22.68432,23.164921,22.46805,23.14089,7312700,22.916714
AA,2016-04-04,23.020741,23.47731,22.516109,22.5882,8300700,22.369377
AA,2016-04-08,23.309099,23.381189,22.46805,22.516109,14638200,22.297985
AA,2016-04-11,22.900591,23.66955,22.66029,23.40522,19303200,23.178484
AA,2016-04-15,23.981939,24.39045,23.88582,24.054029,11212300,23.821007
AA,2016-04-18,23.573429,24.34239,23.501341,24.246269,8736500,24.011383
AA,2016-04-22,25.111349,25.567921,24.79896,24.991199,8394300,24.749098
AA,2016-04-25,24.774929,24.87105,24.2703,24.41448,8077500,24.177965
AA,2016-04-29,27.105841,27.634501,26.60121,26.841511,17318900,26.581484
AA,2016-05-02,26.913601,27.057779,26.07255,26.33688,10785100,26.081741
AA,2016-05-06,24.00597,24.72687,24.00597,24.12612,7668200,23.961853
AA,2016-05-09,23.693581,23.693581,22.68432,22.73238,14081700,22.577602
AA,2016-05-13,22.46805,22.92462,22.05954,22.107599,7563700,21.957077
AA,2016-05-16,22.3479,22.756411,22.20372,22.299841,8276100,22.148008
AA,2016-05-20,22.179689,22.299841,21.67506,21.891331,7857100,21.742281
AA,2016-05-23,22.299841,22.492081,21.93939,22.299841,8475400,22.148008
AA,2016-05-27,22.85253,22.94865,22.371929,22.46805,10010300,22.315073
AA,2016-06-03,22.68432,22.99671,22.299841,22.87656,8629900,22.7208
AA,2016-06-06,23.14089,23.693581,23.14089,23.645519,6371900,23.484526
AA,2016-06-10,23.18895,23.429251,22.708349,22.80447,7852300,22.649202
AA,2016-06-13,22.756411,23.092831,22.39596,22.39596,5432200,22.243473
AA,2016-06-17,22.708349,23.18895,22.61223,23.020741,12160000,22.864002
AA,2016-06-20,23.40522,23.909849,23.357161,23.453279,7038400,23.293594
AA,2016-06-24,22.972679,23.40522,22.46805,22.54014,14154500,22.386671
AA,2016-06-27,22.299841,22.3479,21.506849,21.8673,9099500,21.718414
AA,2016-07-01,22.299841,23.044769,22.27581,22.94865,7618400,22.7924
AA,2016-07-08,22.708349,23.74164,22.68432,23.59746,10790300,23.436792
AA,2016-07-11,23.93388,24.46254,23.717609,24.366421,15493800,24.20052
AA,2016-07-15,25.76016,26.33688,25.73613,26.240761,9594800,26.062096
AA,2016-07-18,26.00046,26.28882,25.76016,26.240761,6804800,26.062096
AA,2016-07-22,25.42374,25.61598,25.20747,25.39971,4237800,25.226772
AA,2016-07-25,25.32762,25.35165,24.991199,25.20747,5763200,25.035841
AA,2016-07-29,25.495831,25.591949,25.039261,25.519859,6832900,25.346104
AA,2016-08-01,25.35165,25.471800000000002,25.13538,25.15941,4831400,24.98811
AA,2016-08-05,25.111349,25.231501,24.967171,25.231501,5115400,25.132769
AA,2016-08-08,25.231501,25.471800000000002,25.01523,25.111349,3953900,25.013086
AA,2016-08-12,24.919109,24.991199,24.318359,24.438511,5779200,24.342882
AA,2016-08-15,24.630751,25.42374,24.582689,25.27956,5498000,25.180639
AA,2016-08-19,24.847019,24.895081,24.558661,24.67881,5478000,24.582241
AA,2016-08-22,24.510599,24.87105,24.41448,24.79896,3832800,24.70192
AA,2016-08-26,24.39045,24.67881,23.93388,24.030001,6271100,23.93597
AA,2016-08-29,24.054029,24.654779,24.030001,24.654779,5668600,24.558304
AA,2016-09-02,24.510599,24.67881,24.054029,24.34239,7058100,24.247137
AA,2016-09-09,24.15015,24.15015,22.80447,23.0688,14041600,22.978531
AA,2016-09-12,22.87656,23.5494,22.66029,23.501341,9022500,23.40938
AA,2016-09-16,22.564171,22.756411,22.444019,22.68432,6780300,22.595556
AA,2016-09-19,22.94865,22.94865,22.3479,22.492081,8627000,22.404068
AA,2016-09-23,23.40522,23.765671,23.309099,23.453279,5054600,23.361506
AA,2016-09-26,23.453279,23.693581,23.26104,23.26104,4207800,23.170019
AA,2016-09-30,23.981939,24.48657,23.909849,24.366421,9525000,24.271074
AA,2016-10-03,24.366421,24.41448,23.93388,24.318359,6817600,24.2232
AA,2016-10-07,25.64802,25.712099,24.85503,25.127371,9810900,25.029047
AA,2016-10-10,25.287571,25.59996,25.127371,25.23951,11384500,25.140747
AA,2016-10-14,21.58695,21.65904,21.09033,21.17844,11702200,21.095568
AA,2016-10-17,21.17844,21.306601,21.05028,21.10635,10594300,21.02376
AA,2016-10-21,21.28257,21.67506,21.09033,21.53088,7769200,21.446629
AA,2016-10-24,21.63501,21.667049,21.434759,21.51486,7109900,21.430672
AA,2016-10-28,22.492081,22.85253,22.48407,22.724369,11158000,22.635448
AA,2016-10-31,22.780439,23.33313,22.70034,23.004721,13269400,22.914701
AA,2016-11-04,23.82,25.5,23.559999,25.200001,6878700,25.200001
AA,2016-11-07,25.540001,26.41,24.889999,25.08,8377000,25.08
AA,2016-11-11,29.18,29.99,27.629999,29.299999,5337200,29.299999
AA,2016-11-14,29.5,29.940001,28.610001,29.620001,5156700,29.620001
AA,2016-11-18,31.73,31.77,30.16,30.42,4421700,30.42
AA,2016-11-21,30.889999,30.98,29.500999,30.690001,2986000,30.690001
AA,2016-11-25,31.24,32.189999,31.110001,31.700001,3109500,31.700001
AA,2016-11-28,31.48,31.799999,30.700001,30.860001,5121900,30.860001
AA,2016-12-02,28.860001,29.625,28.73,29.040001,3870300,29.040001
AA,2016-12-05,29.030001,31.277,28.889999,31.219999,7034100,31.219999
AA,2016-12-09,31.309999,32.110001,31.040001,32.049999,4344300,32.049999
AA,2016-12-12,32.16,32.349998,30.85,31.24,3416400,31.24
AA,2016-12-16,29.65,30.42,29.16,29.4,8133000,29.4
AA,2016-12-19,28.889999,29.49,28.75,29.290001,2572500,29.290001
AA,2016-12-23,29.790001,30.129999,29.34,29.709999,2881800,29.709999
AA,2016-12-30,28.969999,29.378,28.01,28.08,2686000,28.08
AA,2017-01-06,30.690001,31.1,30.309999,30.68,2086300,30.68
AA,2017-01-09,30.879999,30.879999,29.215,29.48,4205100,29.48
AA,2017-01-13,32.82,33.43,32.529999,33.009998,3026200,33.009998
AA,2017-01-20,35.400002,35.740002,34.93,35.66,5330900,35.66
AA,2017-01-23,35.919998,36.395,35.455002,36.290001,5245000,36.290001
AA,2017-01-27,36.299999,37.389999,36.27,36.669998,3617600,36.669998
AA,2017-01-30,36.48,36.59,35.77,36.549999,3002400,36.549999
AA,2017-02-03,37.869999,38.049999,36.830002,36.860001,5243300,36.860001
AA,2017-02-06,36.900002,38,36.799999,37.75,2833900,37.75
AA,2017-02-10,37.919998,38.540001,37.505001,38.299999,3628600,38.299999
AA,2017-02-13,38.790001,39.779999,38.450001,38.48,5365800,38.48
AA,2017-02-17,36.240002,36.610001,35.790001,36.209999,4516800,36.209999
AA,2017-02-24,33.810001,34.639999,33.349998,34.48,5763800,34.48
AA,2017-02-27,34.52,35.380001,34.189999,34.779999,3898400,34.779999
AA,2017-03-03,36.060001,36.889999,35.75,36.380001,3238100,36.380001
AA,2017-03-06,36.799999,37.48,35.799999,36.93,5764000,36.93
AA,2017-03-10,35.900002,36,34.235001,34.529999,4052400,34.529999
AA,2017-03-13,35.209999,35.52,34.529999,34.700001,2491400,34.700001
AA,2017-03-17,35.57,35.98,34.950001,34.970001,3824700,34.970001
AA,2017-03-20,34.900002,35.360001,34.099998,34.900002,2688900,34.900002
AA,2017-03-24,33.610001,33.860001,32.365002,32.560001,4111000,32.560001
AA,2017-03-27,31.74,32.57,31.290001,32.470001,3654000,32.470001
AA,2017-03-31,34.060001,34.740002,33.599998,34.400002,5188400,34.400002
AA,2017-04-03,34.619999,35,33.501999,34.220001,4204800,34.220001
AA,2017-04-07,33.25,34.130001,33.151001,33.73,3674100,33.73
AA,2017-04-10,33.66,33.779999,33.200001,33.66,2575500,33.66
AA,2017-04-17,31.17,31.790001,30.969999,31.309999,4099700,31.309999
AA,2017-04-21,32.200001,32.549999,31.65,31.700001,5041900,31.700001
AA,2017-04-24,32.240002,33.439999,32.150002,33.310001,7907300,33.310001
AA,2017-04-28,34.810001,34.945,33.68,33.73,5240000,33.73
AA,2017-05-01,33.950001,34.130001,32.900002,33.279999,4985500,33.279999
AA,2017-05-05,31.35,31.959999,31.049999,31.82,4191200,31.82
AA,2017-05-08,31.370001,31.370001,30.66,31.02,3795700,31.02
AA,2017-05-12,31,32.130001,30.959999,31.790001,3380800,31.790001
AA,2017-05-15,32.169998,32.5,31.969999,32.029999,2384000,32.029999
AA,2017-05-19,32.16,32.880001,32.099998,32.290001,2625900,32.290001
AA,2017-05-22,32.650002,33.200001,32.470001,32.959999,3456700,32.959999
AA,2017-05-26,32.869999,33.360001,32.869999,33.27,2410600,33.27
AA,2017-06-02,32.389999,33,32.349998,32.860001,2639900,32.860001
AA,2017-06-05,32.650002,33.580002,32.650002,33.32,2605000,33.32
AA,2017-06-09,33.639999,34,32.849998,33.009998,3073600,33.009998
AA,2017-06-12,32.82,33.209999,31.780001,31.780001,4719500,31.780001
AA,2017-06-16,30.799999,30.863001,29.549999,30,4767100,30
AA,2017-06-19,30.370001,31.299999,30.16,30.889999,3909100,30.889999
AA,2017-06-23,30.129999,31.43,29.790001,31.09,6410900,31.09
AA,2017-06-26,31.190001,31.295,30.65,31.18,2936000,31.18
AA,2017-06-30,33.16,33.450001,32.535,32.650002,3032300,32.650002
AA,2017-07-03,32.939999,34.299999,32.915001,34.02,3114300,34.02
AA,2017-07-07,34,34.369999,33.264999,34.189999,3776600,34.189999
AA,2017-07-10,33.91,34.450001,33.68,34.139999,3037400,34.139999
AA,2017-07-14,36.200001,36.439999,35.98,36.32,4217600,36.32
AA,2017-07-17,36.439999,36.689999,36.205002,36.400002,3463700,36.400002
AA,2017-07-21,36.549999,36.859001,36.506001,36.619999,2527500,36.619999
AA,2017-07-24,36.59,36.880001,36.509998,36.689999,2244800,36.689999
AA,2017-07-28,36.169998,36.32,35.540001,35.639999,2859000,35.639999
AA,2017-07-31,35.970001,36.439999,35.665001,36.400002,2145900,36.400002
AA,2017-08-04,37.34,37.5,36.73,37.419998,2287600,37.419998
AA,2017-08-07,38,38.470001,37.610001,37.990002,4921600,37.990002
AA,2017-08-11,37.209999,37.91,36.93,37.779999,2974300,37.779999
AA,2017-08-14,38.110001,38.158001,37.125,37.189999,2129500,37.189999
AA,2017-08-18,37.880001,38.209999,37.34,37.759998,2118700,37.759998
AA,2017-08-21,38.189999,38.66,38.049999,38.470001,2336800,38.470001
AA,2017-08-25,41.68,41.799999,40.84,41.209999,2754000,41.209999
AA,2017-08-28,41.43,42.259998,41.049999,42.169998,2696000,42.169998
AA,2017-09-01,44.209999,45.220001,44.130001,45.040001,3376300,45.040001
AA,2017-09-08,44.369999,44.369999,42.240002,42.610001,7297600,42.610001
AA,2017-09-11,43.25,44.490002,43.130001,43.599998,4177300,43.599998
AA,2017-09-15,44.759998,45.09,44.220001,44.650002,5441600,44.650002
AA,2017-09-18,44.799999,45.09,44.66,44.91,3224800,44.91
AA,2017-09-22,45.310001,45.779999,44.669998,45.380001,3224600,45.380001
AA,2017-09-25,45.330002,45.700001,44.619999,45.290001,3071200,45.290001
AA,2017-09-29,46.450001,47,45.900002,46.619999,3825600,46.619999
AA,2017-10-02,46.43,48.029999,46.41,47.650002,4043100,47.650002
AA,2017-10-06,47.889999,47.889999,47.299999,47.490002,3963400,47.490002
AA,2017-10-09,47.630001,47.720001,46.580002,47.07,2235600,47.07
AA,2017-10-13,48.32,48.630001,47.599998,47.709999,3288600,47.709999
AA,2017-10-16,48,48.93,47.48,48.240002,4682000,48.240002
AA,2017-10-20,47.130001,48.130001,47.060001,47.93,4209100,47.93
AA,2017-10-23,48.040001,48.560001,47.830002,47.93,4019500,47.93
AA,2017-10-27,47.834999,48.25,47.009998,47.91,3870200,47.91
AA,2017-10-30,47.75,48.380001,47.369999,47.419998,2072400,47.419998
AA,2017-11-03,47.25,47.43,46.709999,47.119999,1839000,47.119999
AA,2017-11-06,47.200001,47.68,46.529999,47.290001,1726600,47.290001
AA,2017-11-10,42.93,44.459999,42.75,43.009998,4465300,43.009998
AA,2017-11-13,42.700001,43.869999,42.549999,43.130001,3162700,43.130001
AA,2017-11-17,42,43.599998,42,43.400002,3569000,43.400002
AA,2017-11-20,42.290001,42.549999,41.75,42.209999,4846200,42.209999
AA,2017-11-24,42.799999,42.900002,42.09,42.209999,1306100,42.209999
AA,2017-11-27,42.150002,42.419998,41.490002,42.040001,3091700,42.040001
AA,2017-12-01,41.82,42.299999,40.521,41.639999,3750900,41.639999
AA,2017-12-04,41.869999,42.599998,41.5,41.790001,2709800,41.790001
AA,2017-12-08,41,41.77,40.900002,41.400002,3696900,41.400002
AA,2017-12-11,41.540001,42.98,41.540001,42.240002,4053000,42.240002
AA,2017-12-15,42.799999,43.139999,42.279999,42.610001,4536800,42.610001
AA,2017-12-18,42.810001,44.689999,42.759998,44.57,3175100,44.57
AA,2017-12-22,49.27,50.040001,48.810001,49.990002,2427500,49.990002
AA,2017-12-29,54,54.610001,53.52,53.869999,5174600,53.869999
AA,2018-01-05,54.650002,54.66,53.41,54.09,3371400,54.09
AA,2018-01-08,53.959999,56.150002,53.66,55,5028100,55
AA,2018-01-12,57.049999,57.5,56.110001,56.759998,4216600,56.759998
AA,2018-01-19,52.860001,53.68,52.549999,53.099998,5759600,53.099998
AA,2018-01-22,52.799999,53.900002,52.261002,52.939999,4220800,52.939999
AA,2018-01-26,53.549999,54.400002,53.279999,54,2747900,54
AA,2018-01-29,53.889999,54.630001,53.52,54.490002,4648600,54.490002
AA,2018-02-02,52,52,49,49.09,6060500,49.09
AA,2018-02-05,48.610001,50.75,47.799999,48.459999,3865500,48.459999
AA,2018-02-09,46.540001,47.060001,44.150002,45.919998,4579600,45.919998
AA,2018-02-12,46.049999,47.130001,45.77,46.650002,3495900,46.650002
AA,2018-02-16,47.5,50.18,46.52,47.360001,8372200,47.360001
AA,2018-02-23,48.060001,48.139999,46.584,46.700001,3098000,46.700001
AA,2018-02-26,47.419998,47.580002,46.139999,46.68,3562000,46.68
AA,2018-03-02,44.720001,46.18,44.139999,45.540001,3707700,45.540001
AA,2018-03-05,45.18,46.459999,44.849998,45.650002,4588000,45.650002
AA,2018-03-09,48.049999,48.59,47.23,47.860001,2768900,47.860001
AA,2018-03-12,48.009998,48.68,47.91,48.360001,1495600,48.360001
AA,2018-03-16,46.799999,47.918999,46.740002,47.23,3129700,47.23
AA,2018-03-19,47.029999,47.68,45.759998,46.360001,2509100,46.360001
AA,2018-03-23,45.169998,46,44.599998,44.709999,3256200,44.709999
AA,2018-03-26,45.259998,46.529999,44.27,45.77,5187000,45.77
AA,2018-04-02,44.860001,46.119999,43.799999,44.34,2139600,44.34
AA,2018-04-06,47.18,48.740002,47.099998,48.049999,4066400,48.049999
AA,2018-04-09,49.779999,52.02,49.32,50.619999,6810000,50.619999
AA,2018-04-13,54.950001,55.380001,54.27,54.959999,2685800,54.959999
AA,2018-04-16,55.549999,56.5,54.404999,55.029999,5573000,55.029999
AA,2018-04-20,59.82,60.139999,57.490002,60.009998,7635800,60.009998
AA,2018-04-23,54.560001,54.91,51.5,51.900002,13132500,51.900002
AA,2018-04-27,52.560001,52.990002,51.099998,51.599998,4355300,51.599998
AA,2018-04-30,51.400002,51.869999,51.049999,51.200001,2749800,51.200001
AA,2018-05-04,53.040001,54.459999,52.650002,54.389999,2598700,54.389999
AA,2018-05-07,54.799999,55.380001,54.32,54.549999,3891600,54.549999
AA,2018-05-11,53.790001,54.25,53.369999,53.959999,3978800,53.959999
AA,2018-05-14,54.380001,54.514999,51.919998,52.330002,4377300,52.330002
AA,2018-05-18,50.529999,51.049999,50.349998,50.830002,3011300,50.830002
AA,2018-05-21,51.200001,51.200001,50.150002,50.369999,2446600,50.369999
AA,2018-05-25,48.740002,48.825001,47.66,47.93,3553500,47.93
AA,2018-06-01,48.389999,48.619999,47.470001,47.639999,2442100,47.639999
AA,2018-06-04,48.130001,48.82,48.130001,48.459999,2229500,48.459999
AA,2018-06-08,49.009998,49.490002,48.439999,48.52,2299300,48.52
AA,2018-06-11,48.5,50.59,48.18,49.919998,4973500,49.919998
AA,2018-06-15,47.400002,47.400002,45.029999,45.34,4962400,45.34
AA,2018-06-18,45.009998,45.869999,45,45.779999,2835700,45.779999
AA,2018-06-22,45.450001,45.779999,45.259998,45.560001,3339700,45.560001
AA,2018-06-25,45.130001,45.130001,43.59,44.259998,2281900,44.259998
AA,2018-06-29,46.189999,47.32,46.088001,46.880001,3118900,46.880001
AA,2018-07-02,46.459999,47.290001,45.490002,45.880001,2150500,45.880001
AA,2018-07-06,46.490002,47.244999,46.02,47.139999,2184800,47.139999
AA,2018-07-09,47.939999,48.560001,47.57,48.290001,2370200,48.290001
AA,2018-07-13,47.68,47.849998,47.02,47.259998,1350400,47.259998
AA,2018-07-16,47.540001,48.080002,46.759998,47.41,2714100,47.41
AA,2018-07-20,41.529999,41.549999,40.029999,40.32,9835500,40.32
AA,2018-07-23,40.860001,41.82,40.080002,41.330002,7709800,41.330002
AA,2018-07-27,42.860001,43.48,42.362999,43.220001,3977500,43.220001
AA,2018-07-30,43.380001,43.68,42.32,42.580002,2704100,42.580002
AA,2018-08-03,42.540001,43.299999,42.310001,42.720001,2101600,42.720001
AA,2018-08-06,42.529999,42.98,42.209999,42.720001,3233400,42.720001
AA,2018-08-10,42.450001,45.169998,42.049999,44.98,7608200,44.98
AA,2018-08-13,44.950001,44.950001,44.009998,44.450001,4337600,44.450001
AA,2018-08-17,41.419998,42.240002,41.09,42.029999,2264900,42.029999
AA,2018-08-20,42.57,42.869999,41.709999,41.830002,2730900,41.830002
AA,2018-08-24,42.709999,43.529999,42.18,43.439999,4630500,43.439999
AA,2018-08-27,43.41,44.349998,43.41,43.869999,2358900,43.869999
AA,2018-08-31,44.099998,45.040001,44.040001,44.669998,2028600,44.669998
AA,2018-09-07,40.5,41.821999,40.099998,41,5305200,41
AA,2018-09-10,42.09,42.689999,41.639999,42.009998,3405900,42.009998
AA,2018-09-14,41.810001,42.91,41.810001,42.790001,2731400,42.790001
AA,2018-09-17,42.5,43.5,42.5,42.830002,3015500,42.830002
AA,2018-09-21,43.360001,44,42.919998,43.790001,4939900,43.790001
AA,2018-09-24,43.009998,43.689999,41.91,41.959999,4054300,41.959999
AA,2018-09-28,40.540001,41.355,40.240002,40.400002,3755700,40.400002
AA,2018-10-01,40.75,40.959999,39.880001,40.860001,3624900,40.860001
AA,2018-10-05,42.639999,42.650002,41.599998,42.060001,4314200,42.060001
AA,2018-10-08,41,41.009998,38.27,38.740002,7466700,38.740002
AA,2018-10-12,36.389999,36.549999,35.59,35.669998,2848500,35.669998
AA,2018-10-15,35.470001,35.880001,35.310001,35.34,2439900,35.34
AA,2018-10-19,38.900002,39.150002,37.900002,38.599998,5061800,38.599998
AA,2018-10-22,38.720001,39.759998,38.639999,39.459999,3141100,39.459999
AA,2018-10-26,33.84,34.990002,33.080002,34.25,3944700,34.25
AA,2018-10-29,34.599998,35.119999,33.400002,33.82,2219600,33.82
AA,2018-11-02,37,37.689999,36.41,36.93,2690000,36.93
AA,2018-11-05,36.84,37.166,36.381001,36.599998,1774700,36.599998
AA,2018-11-09,35.970001,36.150002,33.82,34.360001,4279000,34.360001
AA,2018-11-12,34.220001,34.57,33.48,33.73,2422900,33.73
AA,2018-11-16,35.849998,36.720001,35.720001,35.950001,3092100,35.950001
AA,2018-11-19,35.810001,35.994999,32.25,33.490002,4603100,33.490002
AA,2018-11-23,32.049999,32.580002,31.629999,32.310001,1346600,32.310001
AA,2018-11-26,32.400002,32.860001,32.009998,32.57,2348200,32.57
AA,2018-11-30,31.040001,32.459999,30.941999,31.809999,5353800,31.809999
AA,2018-12-03,32.900002,33.469002,31.780001,32.049999,2946200,32.049999
AA,2018-12-07,30.15,30.209999,28.68,28.82,3383900,28.82
AA,2018-12-10,28.639999,29.139999,27.85,28.32,2915600,28.32
AA,2018-12-14,28.51,29.59,28.41,28.610001,3358900,28.610001
AA,2018-12-17,28.5,29.02,27.834999,28.110001,2186600,28.110001
AA,2018-12-21,27.33,27.43,26.190001,26.389999,4323600,26.389999
AA,2018-12-24,26.27,26.27,25.08,25.15,1926900,25.15
AA,2018-12-28,27.09,27.264999,26.24,26.6,3010400,26.6
AA,2018-12-31,26.75,27.07,25.950001,26.58,2402600,26.58
AA,2019-01-04,26.84,28.610001,26.65,28.34,5653300,28.34
AA,2019-01-07,28.530001,28.91,28.146,28.42,2441000,28.42
AA,2019-01-11,28.719999,28.879999,27.959999,28.549999,3838400,28.549999
AA,2019-01-14,29.059999,29.17,27.889999,28.790001,4035500,28.790001
AA,2019-01-18,29.92,30.1,29.1,29.27,6601200,29.27
AA,2019-01-25,28.42,29.514999,28.16,29.02,6607500,29.02
AA,2019-01-28,28.74,28.83,27.809999,27.98,3538100,27.98
AA,2019-02-01,29.700001,30.07,28.27,28.6,5042200,28.6
AA,2019-02-04,28.43,29.190001,28.351,29.09,2337200,29.09
AA,2019-02-08,27.120001,27.68,26.51,27.65,4784900,27.65
AA,2019-02-11,27.549999,28.120001,27.26,27.969999,3448100,27.969999
AA,2019-02-15,28.709999,28.93,28.200001,28.27,3407600,28.27
AA,2019-02-22,29.879999,30.48,29.360001,30.17,3197600,30.17
AA,2019-02-25,30.469999,30.870001,30.389999,30.780001,3937600,30.780001
AA,2019-03-01,29.68,30.200001,29.35,29.66,2187700,29.66
AA,2019-03-04,29.91,29.969999,28.73,29.16,2690900,29.16
AA,2019-03-08,26.93,27.16,26.51,26.82,2864000,26.82
AA,2019-03-11,26.76,27.57,26.73,27.52,3497700,27.52
AA,2019-03-15,27.870001,28.530001,27.74,27.84,2936800,27.84
AA,2019-03-18,28,28.860001,27.927,28.639999,3522200,28.639999
AA,2019-03-22,29.1,29.27,27.799999,28.120001,3356000,28.120001
AA,2019-03-25,28.120001,28.559999,27.77,28.02,2871100,28.02
AA,2019-03-29,28.280001,28.799999,28.01,28.16,3382500,28.16
AA,2019-04-01,28.68,29.67,28.530001,29.459999,3880400,29.459999
AA,2019-04-05,29.4,29.690001,29.09,29.549999,3018600,29.549999
AA,2019-04-08,29.549999,29.73,29.32,29.66,2375100,29.66
AA,2019-04-12,28.9,29.200001,28.25,28.290001,2752800,28.290001
AA,2019-04-15,28.379999,28.4,27.57,27.74,4164500,27.74
AA,2019-04-22,26.52,28.24,26.52,28.139999,6241200,28.139999
AA,2019-04-26,27.049999,27.25,26.84,26.91,2257700,26.91
AA,2019-04-29,26.82,26.940001,26.48,26.85,2298600,26.85
AA,2019-05-03,26.23,26.83,26.049999,26.68,3375900,26.68
AA,2019-05-06,25.950001,26,25.280001,25.91,4081500,25.91
AA,2019-05-10,24.73,25.309999,24.27,25.040001,3551000,25.040001
AA,2019-05-13,24.33,24.65,23.969999,24.540001,4367000,24.540001
AA,2019-05-17,24.6,25,24.35,24.5,3227200,24.5
AA,2019-05-20,24.33,24.879999,23.85,23.99,3289200,23.99
AA,2019-05-24,23.450001,23.6,22.969999,23.01,3783400,23.01
AA,2019-05-31,21.26,21.370001,21.02,21.190001,2721000,21.190001
AA,2019-06-03,21.049999,21.67,20.82,21.51,3181000,21.51
AA,2019-06-07,21.530001,21.629999,20.92,21.440001,3970900,21.440001
AA,2019-06-10,21.59,22.113001,21.559999,21.58,3989900,21.58
AA,2019-06-14,21.5,22.139999,21.299999,21.73,3210700,21.73
AA,2019-06-17,21.530001,21.99,21.200001,21.65,3228900,21.65
AA,2019-06-21,22.59,22.74,22.18,22.6,2947700,22.6
AA,2019-06-24,22.530001,22.693001,22.16,22.219999,2198400,22.219999
AA,2019-06-28,23.1,23.42,22.85,23.41,2910100,23.41
AA,2019-07-01,23.67,23.85,22.780001,22.92,3419900,22.92
AA,2019-07-05,22.25,23.245001,22.219999,23.129999,2291900,23.129999
AA,2019-07-08,22.940001,23.110001,22.209999,22.299999,3451300,22.299999
AA,2019-07-12,22.51,22.809999,22.365,22.6,2217000,22.6
AA,2019-07-15,22.780001,23.23,22.68,23.17,3320900,23.17
AA,2019-07-19,23.360001,23.780001,22.870001,23.110001,4645200,23.110001
AA,2019-07-22,23.18,23.389999,22.695,22.98,3719200,22.98
AA,2019-07-26,22.85,23.299999,22.629999,23.129999,2506700,23.129999
AA,2019-07-29,23.059999,23.57,22.9,23.120001,2393900,23.120001
AA,2019-08-02,21.15,21.325001,20.309999,20.709999,3516600,20.709999
AA,2019-08-05,20.219999,20.266001,19.540001,20.15,3982200,20.15
AA,2019-08-09,19.85,19.959999,19.16,19.209999,3068400,19.209999
AA,2019-08-12,19.030001,19.049999,18.389999,18.52,3104400,18.52
AA,2019-08-16,17.040001,17.629999,17.040001,17.52,4273200,17.52
AA,2019-08-19,17.84,18.370001,17.809999,18.23,3505000,18.23
AA,2019-08-23,17.83,18,17.309999,17.48,3217300,17.48
AA,2019-08-26,17.73,17.73,17.09,17.17,3108700,17.17
AA,2019-08-30,17.940001,18.17,17.709999,17.93,2095400,17.93
AA,2019-09-06,19.52,19.639999,18.98,19.110001,2970600,19.110001
AA,2019-09-09,19.27,20.42,19.27,20.299999,4241600,20.299999
AA,2019-09-13,22.950001,23.325001,22.700001,22.889999,4218900,22.889999
AA,2019-09-16,22.559999,22.870001,22.379999,22.559999,2866100,22.559999
AA,2019-09-20,22.040001,22.096001,21.5,21.700001,5090200,21.700001
AA,2019-09-23,20.66,21.707001,20.440001,21.299999,3529200,21.299999
AA,2019-09-27,21.08,21.23,20.43,20.610001,3087400,20.610001
AA,2019-09-30,20.530001,20.549999,19.950001,20.07,3276600,20.07
AA,2019-10-04,19.1,19.49,18.940001,19.450001,2750900,19.450001
AA,2019-10-07,19.41,19.775,19.190001,19.25,2624400,19.25
AA,2019-10-11,19.16,19.5,18.969999,19.280001,5999800,19.280001
AA,2019-10-14,19.02,19.440001,18.780001,19.17,5806700,19.17
AA,2019-10-18,20.66,21.639999,20.34,21.540001,6030900,21.540001
AA,2019-10-21,21.57,21.66,20.450001,20.469999,6187000,20.469999
AA,2019-10-25,20.68,21.200001,20.6,21.02,5924400,21.02
AA,2019-10-28,21.219999,21.77,21.190001,21.52,2825800,21.52
AA,2019-11-01,21.030001,22.059999,21,21.870001,5474100,21.870001
AA,2019-11-04,22.280001,22.985001,22.02,22.91,3741000,22.91
AA,2019-11-08,22.379999,22.950001,22.25,22.530001,4674800,22.530001
AA,2019-11-11,22.15,22.309999,21.684,22.219999,3124800,22.219999
AA,2019-11-15,21,21.25,20.434999,20.889999,3289100,20.889999
AA,2019-11-18,20.620001,20.82,20,20.76,3616500,20.76
AA,2019-11-22,20.389999,20.945,20.389999,20.559999,4420100,20.559999
AA,2019-11-25,20.75,20.9,20.4,20.440001,2775200,20.440001
AA,2019-11-29,20.43,20.469999,20.158001,20.35,1223300,20.35
AA,2019-12-02,20.469999,20.959999,20.33,20.33,2589100,20.33
AA,2019-12-06,20.129999,20.9,20.059999,20.6,5271100,20.6
AA,2019-12-09,20.67,20.809999,20.120001,20.25,5420600,20.25
AA,2019-12-13,21.42,21.59,20.59,20.690001,4333800,20.690001
AA,2019-12-16,20.99,21.395,20.879999,20.98,3211800,20.98
AA,2019-12-20,21.58,21.65,20.98,21.23,5139800,21.23
AA,2019-12-23,21.299999,21.549999,21.26,21.48,2262200,21.48
AA,2019-12-27,21.41,21.780001,21.33,21.58,2455000,21.58
AA,2019-12-30,21.700001,21.700001,21.299999,21.34,2299200,21.34
AA,2020-01-03,21.17,21.610001,21.15,21.5,3011800,21.5
AA,2020-01-06,21.34,21.450001,20.9,21,3060400,21
AA,2020-01-10,19.9,19.940001,19.34,19.450001,5059200,19.450001
AA,2020-01-13,19.389999,19.860001,19.15,19.610001,6202700,19.610001
AA,2020-01-17,18.059999,18.25,17.51,17.690001,9067000,17.690001
AA,2020-01-24,16.299999,16.32,15.355,15.51,7815100,15.51
AA,2020-01-27,15.01,15.325,14.8,14.87,6596100,14.87
AA,2020-01-31,14.01,14.24,13.62,13.95,9964100,13.95
AA,2020-02-03,14.01,14.42,13.91,14.24,7227900,14.24
AA,2020-02-07,15.63,15.7,15.36,15.55,5058700,15.55
AA,2020-02-10,15.31,15.59,15.15,15.42,4009100,15.42
AA,2020-02-14,15.8,15.93,15.42,15.67,4292100,15.67
AA,2020-02-21,16.01,16.299,15.92,16.1,5528200,16.1
AA,2020-02-24,15.21,15.42,14.978,15.36,5465700,15.36
AA,2020-02-28,12.84,13.91,12.83,13.87,6827200,13.87
AA,2020-03-02,14.02,14.03,13.11,13.73,6784800,13.73
AA,2020-03-06,11.36,11.77,10.8,11.01,10566400,11.01
AA,2020-03-09,9.62,10.11,8.61,8.69,10034000,8.69
AA,2020-03-13,8.08,8.35,7.16,8,7316200,8
AA,2020-03-16,6.94,7.67,6.73,6.82,7319000,6.82
AA,2020-03-20,6.07,6.17,5.43,5.48,9957200,5.48
AA,2020-03-23,5.5,5.945,5.16,5.67,7018500,5.67
AA,2020-03-27,6.51,6.79,6.05,6.55,10075400,6.55
AA,2020-03-30,6.55,6.6,6,6.07,9615600,6.07
AA,2020-04-03,6.05,6.28,5.78,5.97,7951900,5.97
AA,2020-04-06,6.37,6.84,6.25,6.55,9900300,6.55
AA,2020-04-13,7.48,7.75,7.12,7.55,9563900,7.55
AA,2020-04-17,7.25,7.62,7.23,7.59,10114400,7.59
AA,2020-04-20,7.27,7.869,7.26,7.45,7393600,7.45
AA,2020-04-24,7.29,7.45,7.015,7.15,11296600,7.15
AA,2020-04-27,7.21,7.49,6.99,7.37,9549400,7.37
AA,2020-05-01,7.86,8.17,7.575,7.69,9065300,7.69
AA,2020-05-04,7.52,7.9,7.34,7.8,6870700,7.8
AA,2020-05-08,7.64,8.08,7.48,8.07,11312900,8.07
AA,2020-05-11,7.78,7.91,7.66,7.77,8308700,7.77
