"Year","symbol","Gross.Revenue","COGS.DA","Gross.Income","Non.Product.Cost.SGA","Interest.Expenses","Pretax.Income","Net.Income","EBITDA","Cash.ST.Investments","Total.Accounts.Receivable","Inventories","Total.Current.Assets","Net.Property","Total.Assets","Total.Liabilities","Total.Shareholder.Equity","Total.Equity","Debt.To.Asset","Debt.To.Equity","Equity.Multiplier","Gross.Profit.Margin","Interest.Coverage","Net.Profit.Margin","Operating.Margin","Return.On.Sales","Asset.Turnover","Return.On.Asset"
"2015","apd",9.89e+09,6.94e+09,2.95e+09,1.08e+09,110100000,1.73e+09,1.28e+09,2.81e+09,206400000,1.84e+09,657800000,2.91e+09,9.64e+09,1.744e+10,1.006e+10,7.25e+09,7.38e+09,0.576834862385321,1.36314363143631,2.36314363143631,0.298281092012133,25.5222524977293,0.129423660262892,0.28412537917088,0.28412537917088,0.567087155963303,0.501025946687577
"2016","apd",7.5e+09,5.18e+09,2.33e+09,756600000,96400000,1.55e+09,1.1e+09,2.43e+09,1.29e+09,1.65e+09,347800000,4.32e+09,8.26e+09,1.803e+10,1.082e+10,7.08e+09,7.21e+09,0.600110926234054,1.50069348127601,2.50069348127601,0.310666666666667,25.207468879668,0.146666666666667,0.324,0.324,0.415973377703827,0.778896
"2017","apd",8.19e+09,5.75e+09,2.44e+09,771100000,105100000,1.42e+09,1.13e+09,2.53e+09,3.68e+09,1.63e+09,335400000,5.88e+09,8.44e+09,1.847e+10,8.28e+09,1.009e+10,1.019e+10,0.448294531672983,0.812561334641806,1.81256133464181,0.297924297924298,24.0723120837298,0.137973137973138,0.308913308913309,0.308913308913309,0.443421765024364,0.696657975046253
"2018","apd",8.93e+09,6.19e+09,2.74e+09,825300000,115300000,2.02e+09,1.46e+09,2.89e+09,2.98e+09,1.58e+09,396100000,5.08e+09,9.92e+09,1.918e+10,8e+08,1.086e+10,1.118e+10,0.0417101147028154,0.0715563506261181,1.71556350626118,0.306830907054871,25.0650477016479,0.163493840985442,0.323628219484882,0.323628219484882,0.465589155370177,0.695093980931696
"2019","apd",8.92e+09,5.98e+09,2.94e+09,822900000,153400000,2.29e+09,1.76e+09,3.2e+09,2.41e+09,1.62e+09,388300000,4.62e+09,1.034e+10,1.894e+10,7.55e+09,1.105e+10,1.139e+10,0.398627243928194,0.662862159789289,1.66286215978929,0.329596412556054,20.8604954367666,0.197309417040359,0.358744394618834,0.358744394618834,0.470960929250264,0.76172856884313
"2015","ALB",2.83e+09,1.97e+09,860230000,389630000,81650000,310740000,302430000,730680000,213730000,495550000,439510000,1.83e+09,2.32e+09,9.6e+09,6.2e+09,3.25e+09,3.4e+09,0.645833333333333,1.82352941176471,2.82352941176471,0.303968197879859,8.94892835272505,0.106865724381625,0.258190812720848,0.258190812720848,0.294791666666667,0.875841626190863
"2016","ALB",2.68e+09,1.71e+09,970580000,460940000,65180000,515260000,441540000,735810000,2.27e+09,543110000,450260000,3.31e+09,2.36e+09,8.16e+09,4.22e+09,3.8e+09,3.94e+09,0.517156862745098,1.07106598984772,2.07106598984772,0.36215671641791,11.288892298251,0.164753731343284,0.274555970149254,0.274555970149254,0.32843137254902,0.835961461349967
"2017","ALB",3.07e+09,1.95e+09,1.12e+09,500920000,115350000,446800000,54850000,819490000,1.14e+09,619390000,592780000,2.48e+09,2.49e+09,7.75e+09,3.93e+09,3.67e+09,3.82e+09,0.507096774193548,1.02879581151832,2.02879581151832,0.364820846905537,7.10437798006068,0.0178664495114007,0.266934853420195,0.266934853420195,0.396129032258065,0.673858343324598
"2018","ALB",3.37e+09,2.15e+09,1.22e+09,496740000,52410000,794700000,693560000,925010000,555320000,697890000,700540000,2e+08,3.02e+09,7.58e+09,3.82e+09,3.59e+09,3.76e+09,0.503957783641161,1.01595744680851,2.01595744680851,0.362017804154303,17.6494943713032,0.205804154302671,0.274483679525223,0.274483679525223,0.444591029023747,0.617384656024091
"2019","ALB",3.59e+09,2.33e+09,1.26e+09,573460000,52870000,562950000,533230000,898810000,613110000,752450000,768980000,2.23e+09,5.04e+09,9.86e+09,5.77e+09,3.93e+09,4.09e+09,0.585192697768763,1.41075794621027,2.41075794621027,0.350974930362117,17.0003782863628,0.148532033426184,0.250364902506964,0.250364902506964,0.364097363083164,0.687631737804641
"2015","AVY",5.97e+09,4.33e+09,1.64e+09,1.11e+09,60400000,408900000,274400000,717600000,176400000,964700000,478700000,1.78e+09,847900000,4.13e+09,3.17e+09,965700000,965700000,0.767554479418886,3.28259293776535,4.27669048358704,0.274706867671692,11.8807947019868,0.045963149078727,0.120201005025126,0.120201005025126,1.4455205811138,0.0831541291044839
"2016","AVY",6.09e+09,4.39e+09,1.7e+09,1.1e+09,59800000,477100000,320700000,779100000,212700000,1.03e+09,519100000,1.9e+09,915200000,4.4e+09,3.47e+09,925500000,925500000,0.788636363636364,3.7493246893571,4.75418692598595,0.279146141215107,13.0284280936455,0.0526600985221675,0.127931034482759,0.127931034482759,1.38409090909091,0.0924296472453428
"2017","AVY",6.61e+09,4.8e+09,1.81e+09,1.06e+09,61200000,589500000,281800000,929400000,246700000,1.23e+09,609600000,2.24e+09,1.1e+09,5.14e+09,4.09e+09,1.05e+09,1.05e+09,0.795719844357977,3.8952380952381,4.8952380952381,0.273827534039334,15.1862745098039,0.0426323751891074,0.140605143721634,0.140605143721634,1.28599221789883,0.109335921139062
"2018","AVY",7.16e+09,5.25e+09,1.91e+09,1.1e+09,58500000,554800000,467400000,990100000,258100000,1.24e+09,651400000,2.3e+09,1.14e+09,5.18e+09,4.22e+09,955100000,955100000,0.814671814671815,4.41838550937075,5.42351586221338,0.266759776536313,16.9247863247863,0.0652793296089385,0.138282122905028,0.138282122905028,1.38223938223938,0.100042094503917
"2019","AVY",7.07e+09,5.17e+09,1.9e+09,1.08e+09,75800000,249500000,303600000,998800000,284300000,1.23e+09,6300000,2.34e+09,1.35e+09,5.49e+09,4.28e+09,1.2e+09,1.2e+09,0.77959927140255,3.56666666666667,4.575,0.268741159830269,13.1767810026385,0.0429420084865629,0.141272984441301,0.141272984441301,1.28779599271403,0.109701369813684
"2015","BLL",7.99e+09,6.69e+09,1.3e+09,475600000,2800000,345500000,280900000,1.11e+09,2400000,885400000,898400000,2.18e+09,2.69e+09,9.78e+09,8.52e+09,1.25e+09,1.26e+09,0.871165644171779,6.76190476190476,7.76190476190476,0.16270337922403,396.428571428571,0.0351564455569462,0.13892365456821,0.13892365456821,0.816973415132924,0.170046726117284
"2016","BLL",9.06e+09,7.71e+09,1.35e+09,6900000,3700000,1500000,2300000,1.14e+09,5700000,1.49e+09,1.41e+09,3.65e+09,4.39e+09,1.617e+10,1.263e+10,3.44e+09,3.54e+09,0.781076066790352,3.56779661016949,4.56779661016949,0.149006622516556,308.108108108108,0.000253863134657837,0.125827814569536,0.125827814569536,0.560296846011132,0.22457348361914
"2017","BLL",1.099e+10,9.46e+09,1.53e+09,3600000,3100000,5400000,3400000,1.91e+09,4800000,1.63e+09,1.53e+09,3.76e+09,4.61e+09,1.717e+10,1.312e+10,3.94e+09,4.05e+09,0.764123471170646,3.23950617283951,4.23950617283951,0.139217470427661,616.129032258065,0.000309372156505914,0.173794358507734,0.173794358507734,0.640069889341875,0.271524034174504
"2018","BLL",1.163e+10,1.006e+10,1.57e+09,6900000,3500000,6300000,4400000,1.63e+09,7100000,1.8e+09,1.27e+09,3.94e+09,4.54e+09,1.655e+10,1.299e+10,3.46e+09,3.56e+09,0.784894259818731,3.64887640449438,4.64887640449438,0.134995700773861,465.714285714286,0.000378331900257954,0.140154772141015,0.140154772141015,0.702719033232628,0.199446386838675
"2019","BLL",1.146e+10,9.79e+09,1.66e+09,6e+06,3900000,6800000,5600000,1.68e+09,1.81e+09,1.63e+09,1.27e+09,4.88e+09,4.71e+09,1.736e+10,1.434e+10,2.95e+09,3.02e+09,0.826036866359447,4.74834437086093,5.74834437086093,0.144851657940663,430.769230769231,0.000488656195462478,0.146596858638743,0.146596858638743,0.660138248847926,0.222069935948393
"2015","CE",5.67e+09,4.37e+09,1.31e+09,5600000,1800000,4800000,3600000,1.08e+09,9700000,9100000,6200000,2.79e+09,3.61e+09,8.59e+09,5.76e+09,2.38e+09,2.83e+09,0.670547147846333,2.03533568904594,3.03533568904594,0.231040564373898,600,0.000634920634920635,0.19047619047619,0.19047619047619,0.660069848661234,0.288569748887209
"2016","CE",5.39e+09,4e+08,1.39e+09,4100000,1600000,1.03e+09,9200000,1.19e+09,6800000,1.02e+09,7e+06,2.47e+09,3.58e+09,8.36e+09,5.34e+09,2.59e+09,3.02e+09,0.638755980861244,1.7682119205298,2.7682119205298,0.257884972170686,743.75,0.00170686456400742,0.220779220779221,0.220779220779221,0.644736842105263,0.342433077126955
"2017","CE",6.14e+09,4.65e+09,1.49e+09,5900000,1200000,1.08e+09,8600000,1.22e+09,6800000,1.23e+09,9e+06,2.79e+09,3.76e+09,9.54e+09,6.24e+09,2.89e+09,3.3e+09,0.654088050314465,1.89090909090909,2.89090909090909,0.242671009771987,1016.66666666667,0.00140065146579805,0.198697068403909,0.198697068403909,0.643605870020964,0.308724761005422
"2018","CE",7.16e+09,5.21e+09,1.95e+09,6800000,1600000,1.51e+09,1.21e+09,1.67e+09,4e+06,1.32e+09,1.05e+09,2.87e+09,3.72e+09,9.31e+09,5.93e+09,2.98e+09,3.38e+09,0.636949516648765,1.75443786982249,2.75443786982249,0.272346368715084,1043.75,0.168994413407821,0.233240223463687,0.233240223463687,0.76906552094522,0.303277441403202
"2019","CE",6.3e+09,4.72e+09,1.58e+09,5e+06,1900000,9800000,8800000,1.38e+09,5300000,1.18e+09,1.04e+09,2.77e+09,3.92e+09,9.48e+09,6.58e+09,2.51e+09,2.9e+09,0.694092827004219,2.26896551724138,3.26896551724138,0.250793650793651,726.315789473684,0.0013968253968254,0.219047619047619,0.219047619047619,0.664556962025316,0.329614512471655
"2015","CF",4.31e+09,2.47e+09,1.84e+09,1e+06,1300000,1.06e+09,7e+06,2.12e+09,3900000,2700000,3100000,1.13e+09,8.54e+09,1.302e+10,8.64e+09,4.04e+09,4.39e+09,0.663594470046083,1.96810933940774,2.96583143507973,0.426914153132251,1630.76923076923,0.00162412993039443,0.491879350348028,0.491879350348028,0.331029185867896,1.48590931358035
"2016","CF",3.69e+09,2.97e+09,7300000,1400000,2e+06,NA,NA,1.15e+09,1.17e+09,1.05e+09,3900000,2.66e+09,9.65e+09,1.546e+10,8.97e+09,3.35e+09,6.49e+09,0.580206985769728,1.38212634822804,2.38212634822804,0.00197831978319783,575,NA,0.311653116531165,0.311653116531165,0.238680465717982,1.3057336535425
"2017","CF",4.13e+09,3.61e+09,5100000,1100000,3500000,NA,3800000,1.19e+09,8500000,3700000,2500000,1.47e+09,9.18e+09,1.386e+10,7.18e+09,3.58e+09,6.68e+09,0.518037518037518,1.0748502994012,2.0748502994012,0.00123486682808717,340,0.000920096852300242,0.288135593220339,0.288135593220339,0.297979797979798,0.966963516230968
"2018","CF",4.43e+09,3.52e+09,9600000,2200000,2100000,5700000,2e+06,1.57e+09,6200000,2500000,3900000,1.27e+09,8.62e+09,1.297e+10,7.24e+09,2.96e+09,5.73e+09,0.558211256746338,1.26352530541012,2.26352530541012,0.00216704288939052,747.619047619048,0.000451467268623025,0.354401805869074,0.354401805869074,0.341557440246723,1.0376052871607
"2019","CF",4.59e+09,3.41e+09,1.18e+09,2900000,2700000,7200000,4300000,1.81e+09,2700000,2200000,3100000,9400000,8.45e+09,1.249e+10,6.85e+09,2.9e+09,5.64e+09,0.548438751000801,1.2145390070922,2.2145390070922,0.257080610021787,670.37037037037,0.00093681917211329,0.394335511982571,0.394335511982571,0.367493995196157,1.07303933434909
"2015","DD",4.871e+10,3.802e+10,1.069e+10,4.52e+09,9600000,9.93e+09,7.63e+09,8.69e+09,8.58e+09,7.85e+09,6.87e+09,2.448e+10,1.785e+10,6.803e+10,4.184e+10,2.537e+10,2.618e+10,0.615022784065853,1.59816653934301,2.59854851031322,0.219462122767399,905.208333333333,0.156641346746048,0.17840279203449,0.17840279203449,0.716007643686609,0.249163250710457
"2016","DD",4.812e+10,3.772e+10,1.041e+10,4.51e+09,8800000,4.41e+09,4.3e+09,8.76e+09,6.61e+09,9.02e+09,7.36e+09,2.366e+10,2.349e+10,7.951e+10,5.228e+10,2.599e+10,2.723e+10,0.657527355049679,1.919941241278,2.919941241278,0.216334164588529,995.454545454545,0.0893599334995844,0.182044887780549,0.182044887780549,0.605206892214816,0.300797776962415
"2017","DD",6.248e+10,4.909e+10,1.339e+10,6.21e+09,1.09e+09,1.19e+09,1.52e+09,1.116e+10,1.439e+10,1.689e+10,1.699e+10,4.989e+10,3.625e+10,1.9216e+11,9.024e+10,1.0033e+11,1.0193e+11,0.469608659450458,0.885313450407142,1.88521534386344,0.214308578745198,10.2385321100917,0.0243277848911652,0.178617157490397,0.178617157490397,0.325145711906744,0.549344958120273
"2018","DD",2.259e+10,1.635e+10,6.25e+09,4.1e+09,5.5e+07,6e+06,3900000,4.32e+09,8.62e+09,3.44e+09,4.11e+09,1.2666e+11,9.92e+09,1.8786e+11,9.196e+10,9.429e+10,9.59e+10,0.48951346747578,0.958915537017727,1.95891553701773,0.276671093404161,78.5454545454545,0.000172642762284197,0.191235059760956,0.191235059760956,0.120249121686362,1.5903239631117
"2019","DD",2.151e+10,1.511e+10,6.41e+09,3.62e+09,6800000,NA,NA,4.85e+09,1.58e+09,3.84e+09,4.32e+09,1e+09,1.07e+10,6.94e+10,2.784e+10,4.099e+10,4.156e+10,0.401152737752161,0.669874879692012,1.66987487969201,0.298000929800093,713.235294117647,NA,0.225476522547652,0.225476522547652,0.309942363112392,0.727478877954768
"2015","EMN",9.56e+09,6.85e+09,2.71e+09,9500000,2500000,1.13e+09,8800000,2.29e+09,2300000,1.04e+09,1.48e+09,2.88e+09,5.13e+09,1.558e+10,1.156e+10,3.94e+09,4.02e+09,0.741976893453145,2.87562189054726,3.87562189054726,0.28347280334728,916,0.000920502092050209,0.239539748953975,0.239539748953975,0.613607188703466,0.390379632709511
"2016","EMN",8.95e+09,6.49e+09,2.46e+09,9300000,2500000,1.05e+09,8400000,2.12e+09,1100000,1.21e+09,1.4e+09,2.87e+09,5.28e+09,1.546e+10,1.085e+10,4.53e+09,4.61e+09,0.701811125485123,2.35357917570499,3.35357917570499,0.274860335195531,848,0.000938547486033519,0.236871508379888,0.236871508379888,0.578913324708926,0.409165756374645
"2017","EMN",9.51e+09,7.03e+09,2.48e+09,9600000,2900000,1.29e+09,1.38e+09,2.11e+09,1100000,1.39e+09,1.51e+09,3.14e+09,5.61e+09,1.6e+09,1.052e+10,5.4e+09,5.48e+09,6.575,1.91970802919708,0.291970802919708,0.260778128286015,727.586206896552,0.145110410094637,0.221871713985279,0.221871713985279,5.94375,0.0373285743823813
"2018","EMN",1.012e+10,7.69e+09,2.43e+09,9600000,2300000,1.31e+09,1.08e+09,2.07e+09,2600000,1.48e+09,1.58e+09,3.37e+09,5.6e+09,1.6e+09,1.012e+10,5.8e+09,5.88e+09,6.325,1.72108843537415,0.272108843537415,0.240118577075099,900,0.106719367588933,0.204545454545455,0.204545454545455,6.325,0.0323392022996766
"2019","EMN",9.25e+09,7e+08,2.25e+09,9500000,2500000,9200000,7900000,1.93e+09,2400000,1.44e+09,1.66e+09,3.32e+09,5.77e+09,1.601e+10,9.98e+09,5.96e+09,6.03e+09,0.623360399750156,1.65505804311774,2.65505804311774,0.243243243243243,772,0.000854054054054054,0.208648648648649,0.208648648648649,0.577763897564022,0.361131336742148
"2015","ECL",1.355e+10,7.18e+09,6.37e+09,4.38e+09,242500000,1.32e+09,1e+08,2.84e+09,151500000,2.53e+09,1.39e+09,4.45e+09,3.23e+09,1.864e+10,1.166e+10,6.91e+09,6.98e+09,0.625536480686695,1.67048710601719,2.67048710601719,0.470110701107011,11.7113402061856,0.00738007380073801,0.209594095940959,0.209594095940959,0.726931330472103,0.28832722865974
"2016","ECL",1.315e+10,6.85e+09,6.3e+09,4.3e+09,276200000,1.65e+09,1.23e+09,2.86e+09,373700000,2.45e+09,1.32e+09,4.28e+09,3.37e+09,1.833e+10,1.136e+10,6.9e+09,6.97e+09,0.61974904528096,1.62984218077475,2.62984218077475,0.479087452471483,10.3548153511948,0.0935361216730038,0.217490494296578,0.217490494296578,0.717403164211675,0.303163555928234
"2017","ECL",1.384e+10,8.01e+09,5.83e+09,3.63e+09,2700000,1.76e+09,1.5e+09,3.09e+09,240200000,2.7e+09,1.45e+09,4.59e+09,3.71e+09,1.996e+10,1.231e+10,7.58e+09,7.65e+09,0.616733466933868,1.60915032679739,2.60915032679739,0.421242774566474,1144.44444444444,0.108381502890173,0.223265895953757,0.223265895953757,0.693386773547094,0.321993300811922
"2018","ECL",1.467e+10,8.61e+09,6.06e+09,4.08e+09,274100000,1.8e+09,1.43e+09,2.92e+09,157500000,2.81e+09,1.55e+09,4.68e+09,3.84e+09,2.007e+10,1.202e+10,8e+08,8.05e+09,0.598903836571998,1.49316770186335,2.49316770186335,0.413087934560327,10.6530463334549,0.0974778459441036,0.199045671438309,0.199045671438309,0.730941704035874,0.272314016753025
"2019","ECL",1.491e+10,8.7e+09,6.21e+09,4.03e+09,242800000,1.9e+09,1.56e+09,3.15e+09,240700000,2.93e+09,1.51e+09,4.83e+09,4.53e+09,2.087e+10,1.214e+10,8.69e+09,8.73e+09,0.581696214662195,1.39060710194731,2.39060710194731,0.416498993963783,12.9736408566722,0.104627766599598,0.211267605633803,0.211267605633803,0.714422616195496,0.295717969790574
"2015","FMC",3.28e+09,2.16e+09,1.12e+09,616600000,81400000,NA,NA,623100000,78600000,1.98e+09,800200000,2.97e+09,1.02e+09,6.33e+09,4.42e+09,1.87e+09,1.91e+09,0.69826224328594,2.31413612565445,3.31413612565445,0.341463414634146,7.65479115479115,NA,0.189969512195122,0.189969512195122,0.518167456556082,0.366617991522903
"2016","FMC",2.54e+09,1.59e+09,950600000,573800000,63500000,180800000,127700000,492700000,64200000,1.81e+09,478900000,2.85e+09,538100000,6.14e+09,4.15e+09,1.96e+09,1.99e+09,0.675895765472313,2.08542713567839,3.08542713567839,0.374251968503937,7.75905511811024,0.0502755905511811,0.193976377952756,0.193976377952756,0.413680781758958,0.468903527807056
"2017","FMC",2.88e+09,1.75e+09,1.13e+09,621700000,8e+07,180800000,NA,614300000,2300000,2.17e+09,992500000,3.65e+09,1.03e+09,9.21e+09,6.5e+09,2.68e+09,2.71e+09,0.705754614549403,2.39852398523985,3.39852398523985,0.392361111111111,7.67875,NA,0.213298611111111,0.213298611111111,0.312703583061889,0.682111183449074
"2018","FMC",4.29e+09,2.37e+09,1.92e+09,982800000,134100000,608400000,525800000,1.09e+09,134400000,2.36e+09,1.03e+09,4.03e+09,756900000,9.97e+09,6.76e+09,3.12e+09,3.21e+09,0.678034102306921,2.10591900311526,3.10591900311526,0.447552447552448,8.1282624906786,0.122564102564103,0.254079254079254,0.254079254079254,0.430290872617854,0.590482555517521
"2019","FMC",4.61e+09,2.62e+09,1.99e+09,1.02e+09,159700000,6500000,539200000,1.22e+09,339100000,2.46e+09,1.02e+09,4.07e+09,922700000,9.87e+09,7.31e+09,2.53e+09,2.56e+09,0.740628166160081,2.85546875,3.85546875,0.431670281995662,7.6393237319975,0.116963123644252,0.264642082429501,0.264642082429501,0.467071935157042,0.566598124420645
"2015","FCX",1.496e+10,1.436e+10,5700000,5800000,6700000,NA,NA,3.2e+09,1700000,2.13e+09,4.08e+09,7.46e+09,3.108e+10,4.658e+10,3.377e+10,7.83e+09,1.281e+10,0.724989265779304,2.63622170179547,3.63622170179547,0.000381016042780749,477.611940298507,NA,0.213903743315508,0.213903743315508,0.321167883211679,0.666018473505104
"2016","FCX",1.46e+10,1.332e+10,1.28e+09,5200000,7500000,NA,NA,3.27e+09,4.25e+09,2.09e+09,3.64e+09,1.044e+10,2.329e+10,3.732e+10,2.806e+10,6.05e+09,9.26e+09,0.751875669882101,3.03023758099352,4.03023758099352,0.0876712328767123,436,NA,0.223972602739726,0.223972602739726,0.391211146838156,0.572510790016889
"2017","FCX",1.586e+10,1.176e+10,4.1e+09,4200000,6600000,2.9e+09,1.75e+09,5.1e+09,4.54e+09,1.67e+09,4.15e+09,1.063e+10,2.299e+10,3.73e+10,2.601e+10,7.98e+09,1.13e+10,0.697319034852547,2.30176991150442,3.30088495575221,0.258511979823455,772.727272727273,0.110340479192938,0.32156368221942,0.32156368221942,0.425201072386059,0.756262632205824
"2018","FCX",1.897e+10,1.323e+10,5.74e+09,4300000,5500000,3.89e+09,2.61e+09,6.96e+09,4.22e+09,1.32e+09,4.76e+09,1.072e+10,2.801e+10,4.222e+10,2.432e+10,9.8e+09,1.789e+10,0.576030317385126,1.35941866964785,2.3599776411403,0.302583025830258,1265.45454545455,0.137585661570901,0.366895097522404,0.366895097522404,0.44931312174325,0.816568846462619
"2019","FCX",1.436e+10,1.317e+10,1.19e+09,4400000,5200000,3600000,NA,2.08e+09,2.12e+09,1.17e+09,4.07e+09,7.92e+09,2.958e+10,4.081e+10,2.336e+10,9.3e+09,1.745e+10,0.57240872335212,1.33868194842407,2.33868194842407,0.0828690807799443,400,NA,0.144846796657382,0.144846796657382,0.351874540553786,0.411643298857085
"2015","IP",2.237e+10,1.672e+10,5.65e+09,3.05e+09,6700000,1.27e+09,9800000,3.73e+09,1.05e+09,2.68e+09,2.23e+09,6.48e+09,1.235e+10,3.053e+10,2.662e+10,3.88e+09,3.91e+09,0.871929249918113,6.80818414322251,7.80818414322251,0.252570406794814,556.716417910448,0.000438086723290121,0.166741171211444,0.166741171211444,0.732721912872584,0.227564057089199
"2016","IP",1.95e+10,1.517e+10,4.32e+09,2.72e+09,7e+06,7500000,8200000,2.57e+09,1.03e+09,2.85e+09,2.23e+09,6.67e+09,1.346e+10,3.309e+10,2.873e+10,4.34e+09,4.36e+09,0.868238138410396,6.5894495412844,7.5894495412844,0.221538461538462,367.142857142857,0.000420512820512821,0.131794871794872,0.131794871794872,0.589301903898459,0.223645759368836
"2017","IP",2.174e+10,1.608e+10,5.66e+09,3.06e+09,7800000,8800000,2.11e+09,3.78e+09,1.02e+09,3.29e+09,2.31e+09,8.28e+09,1.371e+10,3.39e+10,2.736e+10,6.52e+09,6.54e+09,0.807079646017699,4.18348623853211,5.18348623853211,0.260349586016559,484.615384615385,0.0970561177552898,0.173873045078197,0.173873045078197,0.641297935103245,0.271126781423683
"2018","IP",2.331e+10,1.685e+10,6.46e+09,3.29e+09,7300000,1.78e+09,1.67e+09,4.32e+09,5900000,3.92e+09,2.24e+09,7e+08,1.347e+10,3.358e+10,2.619e+10,7.36e+09,7.38e+09,0.779928528886242,3.54878048780488,4.55013550135501,0.277134277134277,591.780821917808,0.0716430716430716,0.185328185328185,0.185328185328185,0.694163192376415,0.266980714857163
"2019","IP",2.238e+10,1.652e+10,5.85e+09,3.21e+09,7600000,1.6e+09,1.23e+09,3.78e+09,5100000,3.67e+09,2.21e+09,6.64e+09,1.383e+10,3.347e+10,2.575e+10,7.71e+09,7.72e+09,0.769345682700926,3.33549222797927,4.33549222797927,0.261394101876676,497.368421052632,0.0549597855227882,0.168900804289544,0.168900804289544,0.668658500149388,0.252596511151521
"2015","IFF",3.02e+09,1.71e+09,1.31e+09,732440000,45790000,539100000,417250000,667080000,181990000,537900000,572050000,1.44e+09,732790000,3.7e+09,2.11e+09,1.59e+09,1.59e+09,0.57027027027027,1.32704402515723,2.32704402515723,0.433774834437086,14.5682463419961,0.138162251655629,0.220887417218543,0.220887417218543,0.816216216216216,0.270623656857155
"2016","IFF",3.12e+09,1.74e+09,1.38e+09,769720000,52390000,523720000,404030000,708620000,323990000,550660000,592020000,1.61e+09,775720000,4.02e+09,2.39e+09,1.63e+09,1.63e+09,0.59452736318408,1.46625766871166,2.46625766871166,0.442307692307692,13.5258637144493,0.129496794871795,0.227121794871795,0.227121794871795,0.776119402985075,0.292637697238659
"2017","IFF",3.4e+09,1.95e+09,1.45e+09,851480000,64570000,537050000,294670000,708680000,368050000,663660000,649450000,1.9e+09,880580000,4.6e+09,2.91e+09,1.68e+09,1.69e+09,0.632608695652174,1.72189349112426,2.72189349112426,0.426470588235294,10.9753755614062,0.0866676470588235,0.208435294117647,0.208435294117647,0.739130434782609,0.282000692041523
"2018","IFF",3.98e+09,2.33e+09,1.65e+09,945540000,132050000,447760000,333450000,873770000,648520000,937770000,1.08e+09,2.94e+09,1.24e+09,1.289e+10,6.76e+09,6.03e+09,6.13e+09,0.524437548487199,1.10277324632953,2.10277324632953,0.414572864321608,6.61696327148807,0.0837814070351759,0.219540201005025,0.219540201005025,0.308766485647789,0.711023414812757
"2019","IFF",5.14e+09,3.22e+09,1.92e+09,1.14e+09,137360000,557450000,452780000,1.11e+09,623950000,1.02e+09,1.12e+09,2.94e+09,1.68e+09,1.329e+10,6.96e+09,6.22e+09,6.33e+09,0.523702031602709,1.09952606635071,2.09952606635071,0.373540856031128,8.08095515433896,0.0880894941634241,0.215953307392996,0.215953307392996,0.386756960120391,0.558369543823525
"2015","LIN",1.078e+10,7.07e+09,3.71e+09,1.25e+09,NA,2.16e+09,1.55e+09,3.58e+09,1700000,1.6e+09,5100000,2.63e+09,1.1e+09,1.832e+10,1.341e+10,4.39e+09,4.91e+09,0.731986899563319,2.73116089613035,3.73116089613035,0.344155844155844,NA,0.14378478664193,0.332096474953618,0.332096474953618,0.588427947598253,0.564379167082586
"2016","LIN",1.053e+10,6.98e+09,3.55e+09,1.24e+09,2800000,2.05e+09,1.5e+09,3.44e+09,5400000,1.64e+09,5e+06,2.88e+09,1.148e+10,1.933e+10,1.388e+10,5.02e+09,5.45e+09,0.718054837040869,2.54678899082569,3.54678899082569,0.33713200379867,1228.57142857143,0.142450142450142,0.326685660018993,0.326685660018993,0.544749094671495,0.599699317014923
"2017","LIN",1.144e+10,7.65e+09,3.79e+09,1.3e+09,2200000,2.29e+09,1.25e+09,3.68e+09,6700000,1.8e+09,6400000,3.29e+09,1.183e+10,2.044e+10,1.391e+10,6.02e+09,6.52e+09,0.680528375733855,2.13343558282209,3.13496932515337,0.331293706293706,1672.72727272727,0.109265734265734,0.321678321678322,0.321678321678322,0.559686888454012,0.574746931390288
"2018","LIN",1.484e+10,1.085e+10,3.99e+09,1.74e+09,1800000,5.05e+09,4.27e+09,4.07e+09,4.47e+09,4.83e+09,1.65e+09,1.727e+10,2.972e+10,9.339e+10,3.629e+10,5.16e+10,5.71e+10,0.388585501659707,0.635551663747811,1.63555166374781,0.268867924528302,2261.11111111111,0.287735849056604,0.274258760107817,0.274258760107817,0.15890352286112,1.72594512172972
"2019","LIN",2.823e+10,2.132e+10,6.91e+09,3.64e+09,4300000,2.93e+09,2.18e+09,7.94e+09,2.7e+09,4.97e+09,1.7e+09,1.035e+10,3.009e+10,8.661e+10,3.498e+10,4.907e+10,5.164e+10,0.403879459646692,0.677381874515879,1.67718822618125,0.24477506199079,1846.51162790698,0.0772228126106978,0.281261069783918,0.281261069783918,0.325943886387253,0.862912548848215
"2015","LYB",3.275e+10,2.573e+10,7.02e+09,9e+06,4700000,6.21e+09,4.47e+09,7.13e+09,2e+08,2.92e+09,4.11e+09,9.79e+09,8.99e+09,2.276e+10,1.618e+10,6.55e+09,6.57e+09,0.710896309314587,2.46270928462709,3.46423135464231,0.214351145038168,1517.02127659574,0.136488549618321,0.217709923664122,0.217709923664122,1.43892794376098,0.151300087407494
"2016","LYB",2.917e+10,2.32e+10,5.97e+09,9200000,4700000,5.23e+09,3.84e+09,6.11e+09,2.09e+09,3.31e+09,3.85e+09,9.6e+09,1.014e+10,2.344e+10,1.737e+10,6.05e+09,6.07e+09,0.741040955631399,2.86161449752883,3.86161449752883,0.204662324305794,1300,0.131642098045938,0.209461775797052,0.209461775797052,1.24445392491468,0.168316216135855
"2017","LYB",3.45e+10,2.804e+10,6.47e+09,9500000,7900000,5.49e+09,4.89e+09,6.68e+09,2.9e+09,4.29e+09,4.25e+09,1.174e+10,1.1e+09,2.621e+10,1.726e+10,8.95e+09,8.95e+09,0.65852727966425,1.92849162011173,2.92849162011173,0.187536231884058,845.569620253165,0.141739130434783,0.193623188405797,0.193623188405797,1.31629149179702,0.1470975005251
"2018","LYB",3.9e+09,3.252e+10,6.48e+09,1.24e+09,3100000,5.31e+09,4.69e+09,6.48e+09,1.37e+09,4.27e+09,4.57e+09,1.057e+10,1.248e+10,2.828e+10,1.788e+10,1.026e+10,1.04e+10,0.632248939179632,1.71923076923077,2.71923076923077,1.66153846153846,2090.32258064516,1.2025641025641,1.66153846153846,1.66153846153846,0.137906647807638,12.0482840236686
"2019","LYB",3.475e+10,2.929e+10,5.46e+09,1.19e+09,4300000,4.05e+09,3.4e+09,5.58e+09,1.14e+09,3.28e+09,4.64e+09,9.51e+09,1.56e+10,3.044e+10,2.226e+10,8.04e+09,8.18e+09,0.731274638633377,2.72127139364303,3.72127139364303,0.157122302158273,1297.67441860465,0.097841726618705,0.160575539568345,0.160575539568345,1.1415900131406,0.140659551783034
"2015","MLM",3.54e+09,2.82e+09,7500000,218230000,76290000,413800000,287540000,758230000,168410000,410920000,469140000,1.08e+09,3.16e+09,7.25e+09,3.19e+09,4.06e+09,4.06e+09,0.44,0.785714285714286,1.78571428571429,0.00211864406779661,9.93878621051252,0.081225988700565,0.214189265536723,0.214189265536723,0.488275862068966,0.438664456254588
"2016","MLM",3.82e+09,2.92e+09,900140000,248010000,81680000,607030000,423610000,963080000,50040000,457910000,521620000,1.09e+09,3.42e+09,7.56e+09,3.42e+09,4.14e+09,4.14e+09,0.452380952380952,0.826086956521739,1.82608695652174,0.235638743455497,11.7908912830558,0.110892670157068,0.252115183246073,0.252115183246073,0.505291005291005,0.498950467366574
"2017","MLM",3.97e+09,3e+08,963260000,262130000,91490000,618930000,711310000,995500000,1.45e+09,487240000,600590000,2.63e+09,3.59e+09,9.17e+09,4.49e+09,4.68e+09,4.68e+09,0.489640130861505,0.959401709401709,1.95940170940171,0.24263476070529,10.8809705978795,0.179171284634761,0.250755667506297,0.250755667506297,0.432933478735005,0.579201378093891
"2018","MLM",4.24e+09,3.29e+09,958560000,280550000,137070000,576080000,469190000,1.04e+09,44890000,523280000,663040000,1.37e+09,5.16e+09,9.72e+09,4.77e+09,4.95e+09,4.95e+09,0.490740740740741,0.963636363636364,1.96363636363636,0.226075471698113,7.58736412052236,0.110658018867925,0.245283018867925,0.245283018867925,0.436213991769547,0.562299750800997
"2019","MLM",4.74e+09,3.57e+09,1.17e+09,302700000,129300000,748300000,6100000,1.27e+09,2.1e+07,573700000,690800000,1.43e+09,5.69e+09,1.042e+10,5.07e+09,5.35e+09,5.35e+09,0.486564299424184,0.947663551401869,1.94766355140187,0.246835443037975,9.82211910286156,0.00128691983122363,0.267932489451477,0.267932489451477,0.45489443378119,0.588999270059998
"2015","MOS",8.9e+09,7.15e+09,1.75e+09,350200000,133600000,1.1e+09,1e+08,2.17e+09,1.28e+09,924400000,1.56e+09,3.97e+09,8.72e+09,1.741e+10,7.85e+09,9.53e+09,9.57e+09,0.450890292935095,0.820271682340648,1.81922675026123,0.196629213483146,16.2425149700599,0.0112359550561798,0.243820224719101,0.243820224719101,0.511200459506031,0.47695619239995
"2016","MOS",7.16e+09,6.42e+09,742800000,304200000,140600000,242400000,297800000,1.19e+09,673100000,774100000,1.39e+09,3.03e+09,9.2e+09,1.684e+10,7.22e+09,9.58e+09,9.62e+09,0.42874109263658,0.750519750519751,1.75051975051975,0.103743016759777,8.46372688477952,0.0415921787709497,0.166201117318436,0.166201117318436,0.425178147268409,0.390897599950064
"2017","MOS",7.41e+09,6.53e+09,875800000,275300000,171300000,3400000,NA,1.29e+09,2.16e+09,783900000,1.55e+09,4.62e+09,9.71e+09,1.863e+10,8.99e+09,9.62e+09,9.64e+09,0.482555018786903,0.932572614107884,1.93257261410788,0.118191632928475,7.53064798598949,NA,0.174089068825911,0.174089068825911,0.397745571658615,0.437689521218181
"2018","MOS",9.59e+09,8.09e+09,1.5e+09,341100000,215800000,551500000,4e+06,2.12e+09,855200000,987700000,2.27e+09,4.24e+09,1.175e+10,2.012e+10,9.51e+09,1.04e+10,1.06e+10,0.472664015904573,0.897169811320755,1.89811320754717,0.156412930135558,9.82391102873031,0.000417101147028154,0.221063607924922,0.221063607924922,0.476640159045726,0.463795598691285
"2019","MOS",8.91e+09,8.05e+09,857600000,354100000,218700000,NA,NA,1.45e+09,526900000,983400000,2.08e+09,3.72e+09,1.188e+10,1.93e+10,9.93e+09,9.19e+09,9.37e+09,0.514507772020725,1.05976520811099,2.05976520811099,0.0962514029180696,6.63008687700046,NA,0.162738496071829,0.162738496071829,0.461658031088083,0.352508751311595
"2015","NEM",6.09e+09,5.16e+09,9e+06,3700000,2900000,2500000,NA,1.86e+09,2.38e+09,2500000,1.34e+09,4.98e+09,1.321e+10,2.513e+10,1.084e+10,1.135e+10,1.429e+10,0.431356943891763,0.758572428271518,1.75857242827152,0.00147783251231527,641.379310344828,NA,0.305418719211823,0.305418719211823,0.242339832869081,1.26029103674764
"2016","NEM",6.69e+09,5.38e+09,1.32e+09,3700000,2e+06,NA,NA,2.33e+09,2.81e+09,3300000,1.38e+09,4.68e+09,1.249e+10,2.103e+10,9.16e+09,1.072e+10,1.187e+10,0.435568235853543,0.771693344566133,1.77169334456613,0.197309417040359,1165,NA,0.348281016442451,0.348281016442451,0.31811697574893,1.09482059428771
"2017","NEM",7.36e+09,5.72e+09,1.63e+09,3e+06,2100000,1.07e+09,NA,2.69e+09,3.32e+09,2700000,1.36e+09,5.07e+09,1.234e+10,2.065e+10,9.13e+09,1.054e+10,1.152e+10,0.442130750605327,0.792534722222222,1.79253472222222,0.221467391304348,1280.95238095238,NA,0.365489130434783,0.365489130434783,0.356416464891041,1.02545523688563
"2018","NEM",7.26e+09,5.67e+09,1.59e+09,3700000,1700000,7800000,2e+06,2.56e+09,3.45e+09,3600000,1.33e+09,5.28e+09,1.226e+10,2.072e+10,9.2e+09,1.05e+10,1.151e+10,0.444015444015444,0.799304952215465,1.80017376194613,0.21900826446281,1505.88235294118,0.000275482093663912,0.352617079889807,0.352617079889807,0.3503861003861,1.00636720321168
"2019","NEM",9.73e+09,7.7e+09,2.02e+09,4300000,3200000,3.69e+09,2.88e+09,3.76e+09,2.48e+09,3300000,1.83e+09,6.27e+09,2.532e+10,3.997e+10,1.756e+10,2.142e+10,2.242e+10,0.439329497122842,0.783229259589652,1.78278322925959,0.207605344295992,1175,0.295991778006166,0.386433710174717,0.386433710174717,0.243432574430823,1.58743632021413
"2015","NUE",1.644e+10,1.532e+10,1.11e+09,461690000,177540000,241870000,79210000,1.35e+09,2.04e+09,1.38e+09,2.25e+09,5.85e+09,4.89e+09,1.477e+10,6.92e+09,7.48e+09,7.85e+09,0.468517264725796,0.881528662420382,1.88152866242038,0.0675182481751825,7.60392024332545,0.00481812652068127,0.0821167883211679,0.0821167883211679,1.11306702775897,0.0737752410890298
"2016","NUE",1.621e+10,1.417e+10,2.04e+09,574160000,181180000,1.3e+09,793640000,2.15e+09,2.2e+09,1.72e+09,2.48e+09,6.51e+09,5.08e+09,1.522e+10,6.97e+09,7.88e+09,8.25e+09,0.457950065703022,0.844848484848485,1.84484848484848,0.125848241826033,11.8666519483387,0.0489599012954966,0.1326341764343,0.1326341764343,1.06504599211564,0.12453375480136
"2017","NUE",2.025e+10,1.767e+10,2.59e+09,665030000,187280000,1.75e+09,1.31e+09,2.65e+09,999100000,2.24e+09,3.46e+09,6.82e+09,5.09e+09,1.584e+10,6.76e+09,8.74e+09,9.08e+09,0.426767676767677,0.744493392070485,1.74449339207048,0.127901234567901,14.1499359248185,0.0646913580246914,0.130864197530864,0.130864197530864,1.27840909090909,0.10236488340192
"2018","NUE",2.507e+10,2.078e+10,4.29e+09,881220000,161260000,3.23e+09,2.35e+09,4.12e+09,1.4e+09,2.53e+09,4.55e+09,8.64e+09,5.33e+09,1.792e+10,7.72e+09,9.79e+09,1.02e+10,0.430803571428571,0.756862745098039,1.75686274509804,0.171120861587555,25.5488031749969,0.0937375349022736,0.164339848424412,0.164339848424412,1.39899553571429,0.117469887665156
"2019","NUE",2.259e+10,1.991e+10,2.68e+09,744950000,157360000,1.78e+09,1.26e+09,2.67e+09,1.83e+09,2.4e+09,3.84e+09,8.23e+09,6.27e+09,1.834e+10,7.55e+09,1.036e+10,1.079e+10,0.411668484187568,0.699721964782206,1.69972196478221,0.118636564851704,16.9674631418404,0.0557768924302789,0.118193891102258,0.118193891102258,1.23173391494002,0.0959573246044889
"2015","PKG",5.74e+09,4.53e+09,1.21e+09,451300000,79800000,664500000,431600000,1.12e+09,184200000,664700000,676800000,1.55e+09,2.83e+09,5.27e+09,3.64e+09,1.63e+09,1.63e+09,0.690702087286527,2.23312883435583,3.23312883435583,0.210801393728223,14.0350877192982,0.075191637630662,0.195121951219512,0.195121951219512,1.08918406072106,0.179145066711991
"2016","PKG",5.78e+09,4.5e+09,1.28e+09,471100000,86100000,688500000,445200000,1.16e+09,239300000,703100000,723600000,1.7e+09,2.9e+09,5.78e+09,4.02e+09,1.76e+09,1.76e+09,0.695501730103806,2.28409090909091,3.28409090909091,0.221453287197232,13.472706155633,0.0770242214532872,0.200692041522491,0.200692041522491,1,0.200692041522491
"2017","PKG",6.44e+09,4.97e+09,1.47e+09,519900000,96400000,828600000,6300000,1.34e+09,216900000,900200000,762500000,1.92e+09,2.92e+09,6.2e+09,4.01e+09,2.18e+09,2.18e+09,0.646774193548387,1.8394495412844,2.84403669724771,0.228260869565217,13.9004149377593,0.000978260869565217,0.208074534161491,0.208074534161491,1.03870967741935,0.200320203695845
"2018","PKG",7.01e+09,5.37e+09,1.65e+09,536400000,91900000,970500000,732300000,1.51e+09,361500000,918600000,795600000,2.12e+09,3.11e+09,6.57e+09,3.9e+09,2.67e+09,2.67e+09,0.593607305936073,1.46067415730337,2.46067415730337,0.235378031383738,16.4309031556039,0.104465049928673,0.215406562054208,0.215406562054208,1.06697108066971,0.201886036047953
"2019","PKG",6.96e+09,5.32e+09,1.64e+09,557600000,128800000,9700000,691200000,1.47e+09,767400000,872100000,794100000,2.48e+09,3.39e+09,7.24e+09,4.16e+09,3.07e+09,3.07e+09,0.574585635359116,1.35504885993485,2.35830618892508,0.235632183908046,11.4130434782609,0.0993103448275862,0.211206896551724,0.211206896551724,0.961325966850829,0.219703725723345
"2015","PPG",1.533e+10,9.1e+09,6.24e+09,4.12e+09,1600000,1.88e+09,1.41e+09,2.46e+09,1.46e+09,2.79e+09,1.71e+09,6.55e+09,3.02e+09,1.708e+10,1.201e+10,4.98e+09,5.07e+09,0.703161592505855,2.36883629191321,3.36883629191321,0.407045009784736,1537.5,0.0919765166340509,0.160469667318982,0.160469667318982,0.897540983606557,0.178788122492382
"2016","PPG",1.427e+10,8.22e+09,6.06e+09,4.03e+09,1500000,7900000,5300000,2.45e+09,1.87e+09,2.65e+09,1.51e+09,6.57e+09,2.61e+09,1.577e+10,1.086e+10,4.83e+09,4.92e+09,0.688649334178821,2.20731707317073,3.20528455284553,0.424667133847232,1633.33333333333,0.000371408549404345,0.171688857743518,0.171688857743518,0.904882688649334,0.189736039706747
"2017","PPG",1.475e+10,8.67e+09,6.08e+09,4.01e+09,1500000,2.01e+09,1.37e+09,2.44e+09,1.5e+09,2.9e+09,1.73e+09,6.48e+09,2.82e+09,1.654e+10,1.087e+10,5.56e+09,5.67e+09,0.657194679564692,1.91710758377425,2.91710758377425,0.412203389830508,1626.66666666667,0.0928813559322034,0.165423728813559,0.165423728813559,0.891777509068924,0.18549887963229
"2018","PPG",1.537e+10,9.56e+09,5.81e+09,4.01e+09,1400000,1.69e+09,1.32e+09,2.25e+09,9700000,2.85e+09,1.78e+09,5.96e+09,2.81e+09,1.602e+10,1.128e+10,4.63e+09,4.73e+09,0.704119850187266,2.38477801268499,3.38689217758985,0.378009108653221,1607.14285714286,0.0858815875081327,0.146389069616135,0.146389069616135,0.959425717852684,0.152579889085913
"2019","PPG",1.515e+10,9.24e+09,5.91e+09,4.02e+09,1300000,1.66e+09,1.24e+09,2.4e+09,1.28e+09,2.76e+09,1.71e+09,6.17e+09,3.77e+09,1.771e+10,1.231e+10,5.28e+09,5.4e+09,0.695087521174478,2.27962962962963,3.27962962962963,0.39009900990099,1846.15384615385,0.0818481848184818,0.158415841584158,0.158415841584158,0.85544889892716,0.185184459039963
"2015","SEE",7.03e+09,4.54e+09,2.49e+09,1.61e+09,227700000,425900000,333200000,1.09e+09,351700000,912600000,660800000,2.22e+09,945700000,7.41e+09,6.88e+09,527100000,527100000,0.928475033738192,13.05255169797,14.0580535002846,0.354196301564723,4.78700043917435,0.0473968705547653,0.155049786628734,0.155049786628734,0.948717948717949,0.163430856176233
"2016","SEE",4.21e+09,2.82e+09,1.39e+09,755700000,199900000,387900000,288900000,737100000,333700000,544700000,456700000,2.22e+09,889600000,7.42e+09,6.81e+09,609700000,609700000,0.917789757412399,11.169427587338,12.1699196326062,0.330166270783848,3.68734367183592,0.0686223277909739,0.175083135391924,0.175083135391924,0.567385444743935,0.30857882769788
"2017","SEE",4.46e+09,3.06e+09,1.4e+09,781700000,205300000,393300000,57900000,741600000,5400000,727700000,506800000,1.87e+09,998400000,5.28e+09,5.13e+09,152300000,152300000,0.971590909090909,33.6835193696651,34.6684175968483,0.31390134529148,3.61227471992207,0.0129820627802691,0.16627802690583,0.16627802690583,0.84469696969697,0.196849323332462
"2018","SEE",4.73e+09,3.25e+09,1.49e+09,768400000,198100000,457800000,149400000,849400000,271700000,613100000,544900000,1.55e+09,1.04e+09,5.05e+09,5.4e+09,NA,NA,1.06930693069307,NA,NA,0.315010570824524,4.28773346794548,0.0315856236786469,0.179577167019027,0.179577167019027,0.936633663366337,0.191726150834268
"2019","SEE",4.79e+09,3.26e+09,1.53e+09,855200000,201800000,370300000,293200000,828400000,262400000,669600000,570300000,1.56e+09,1.23e+09,5.77e+09,5.96e+09,NA,NA,1.03292894280763,NA,NA,0.319415448851775,4.10505450941526,0.0612108559498956,0.17294363256785,0.17294363256785,0.830155979202773,0.208326672216387
"2015","SHW",1.134e+10,5.72e+09,5.62e+09,3.93e+09,72880000,1.55e+09,1.05e+09,1.81e+09,205740000,1.11e+09,1.02e+09,2.66e+09,1.04e+09,5.78e+09,4.91e+09,867910000,867910000,0.849480968858132,5.65726861080066,6.65967669458815,0.495590828924162,24.8353457738749,0.0925925925925926,0.159611992945326,0.159611992945326,1.96193771626298,0.0813542609544961
"2016","SHW",1.186e+10,5.88e+09,5.98e+09,4.12e+09,89910000,1.6e+09,1.13e+09,1.98e+09,889790000,1.23e+09,1.07e+09,3.56e+09,1.1e+09,6.75e+09,4.87e+09,1.88e+09,1.88e+09,0.721481481481482,2.59042553191489,3.59042553191489,0.504215851602024,22.022022022022,0.0952782462057336,0.166947723440135,0.166947723440135,1.75703703703704,0.0950166216881038
"2017","SHW",1.498e+10,8.41e+09,6.57e+09,4.77e+09,273310000,1.47e+09,1.77e+09,2.24e+09,204210000,2.1e+09,1.74e+09,4.41e+09,1.88e+09,1.99e+10,1.625e+10,3.65e+09,3.65e+09,0.816582914572864,4.45205479452055,5.45205479452055,0.438584779706275,8.19582159452636,0.118157543391188,0.149532710280374,0.149532710280374,0.752763819095477,0.198644922201565
"2018","SHW",1.753e+10,1.038e+10,7.15e+09,5.04e+09,376390000,1.36e+09,1.11e+09,2.5e+09,155510000,2.02e+09,1.82e+09,4.34e+09,1.78e+09,1.913e+10,1.54e+10,3.73e+09,3.73e+09,0.805018295870361,4.12868632707775,5.12868632707775,0.407872219053052,6.64204681314594,0.0633200228180262,0.142612664004564,0.142612664004564,0.916361735493988,0.15562922204263
"2019","SHW",1.79e+10,9.98e+09,7.92e+09,5.38e+09,3e+06,1.98e+09,1.54e+09,3.4e+09,161800000,2.14e+09,1.89e+09,4.63e+09,3.52e+09,2.05e+10,1.637e+10,4.12e+09,4.12e+09,0.798536585365854,3.97330097087379,4.97572815533981,0.442458100558659,1133.33333333333,0.0860335195530726,0.189944134078212,0.189944134078212,0.873170731707317,0.217533784838176
"2015","VMC",3.42e+09,2.56e+09,857530000,285440000,220590000,327860000,232910000,846910000,285210000,418020000,347070000,1.08e+09,3.16e+09,8.64e+09,4.19e+09,4.45e+09,4.45e+09,0.484953703703704,0.941573033707865,1.94157303370787,0.250739766081871,3.83929461897638,0.0681023391812866,0.247634502923977,0.247634502923977,0.395833333333333,0.625602954755309
"2016","VMC",3.59e+09,2.59e+09,1e+08,314990000,132070000,547260000,422410000,970770000,268020000,491820000,345620000,1.14e+09,3.26e+09,8.8e+09,4.22e+09,4.57e+09,4.57e+09,0.479545454545455,0.923413566739606,1.92560175054705,0.0278551532033426,7.35042023169531,0.11766295264624,0.270409470752089,0.270409470752089,0.407954545454545,0.662842156718213
"2017","VMC",3.89e+09,2.9e+09,993510000,324970000,292450000,361320000,593390000,974510000,146650000,588340000,384340000,1.18e+09,3.92e+09,9.77e+09,4.8e+09,4.97e+09,4.97e+09,0.491299897645855,0.96579476861167,1.96579476861167,0.255401028277635,3.33222773123611,0.152542416452442,0.250516709511568,0.250516709511568,0.398157625383828,0.629189781986638
"2018","VMC",4.38e+09,3.28e+09,1.1e+09,333370000,136360000,623290000,517840000,1.11e+09,44400000,540780000,429330000,1.08e+09,4.24e+09,1.005e+10,4.84e+09,5.2e+09,5.2e+09,0.481592039800995,0.930769230769231,1.93269230769231,0.251141552511416,8.14021707245526,0.118228310502283,0.253424657534247,0.253424657534247,0.435820895522388,0.581488084068306
"2019","VMC",4.93e+09,3.67e+09,1.26e+09,370550000,129850000,757700000,622500000,1.3e+09,274510000,570420000,458310000,1.38e+09,4.72e+09,1.088e+10,5.26e+09,5.62e+09,5.62e+09,0.483455882352941,0.935943060498221,1.93594306049822,0.255578093306288,10.0115517905275,0.126267748478702,0.26369168356998,0.26369168356998,0.453125,0.581940267188921
"2015","WRK",1.113e+10,9.11e+09,2.02e+09,1.01e+09,132500000,734200000,497900000,1.7e+09,215100000,1.58e+09,1.76e+09,4.18e+09,9.16e+09,2.537e+10,1.357e+10,1.165e+10,1.18e+10,0.534883720930233,1.15,2.15,0.181491464510332,12.8301886792453,0.0447349505840072,0.152740341419587,0.152740341419587,0.438707134410721,0.348160149309516
"2016","WRK",1.417e+10,1.162e+10,2.55e+09,1.38e+09,256700000,244600000,152700000,1.88e+09,366400000,1.59e+09,1.64e+09,3.91e+09,9.29e+09,2.304e+10,1.319e+10,9.73e+09,9.84e+09,0.572482638888889,1.34044715447154,2.34146341463415,0.179957657021877,7.32372419166342,0.0107762879322512,0.132674664784757,0.132674664784757,0.615017361111111,0.215725072451714
"2017","WRK",1.486e+10,1.235e+10,2.51e+09,1.4e+09,277700000,857600000,708100000,2.19e+09,3400000,1.89e+09,1.8e+09,4.49e+09,9.12e+09,2.509e+10,1.47e+10,1.034e+10,1.039e+10,0.585890793144679,1.41482194417709,2.41482194417709,0.168909825033647,7.88620813827872,0.0476514131897712,0.147375504710633,0.147375504710633,0.592267835791152,0.24883253117024
"2018","WRK",1.629e+10,1.322e+10,3.07e+09,1.55e+09,293800000,1.03e+09,1.91e+09,2.59e+09,636800000,2.01e+09,1.83e+09,4.79e+09,9.08e+09,2.536e+10,1.387e+10,1.147e+10,1.149e+10,0.54692429022082,1.20713664055701,2.20713664055701,0.188459177409454,8.81552076242342,0.117249846531614,0.158993247391037,0.158993247391037,0.642350157728707,0.247518032770823
"2019","WRK",1.829e+10,1.512e+10,3.17e+09,1.72e+09,431300000,1.14e+09,862800000,2.97e+09,151600000,2.19e+09,2.11e+09,4.97e+09,1.119e+10,3.016e+10,1.847e+10,1.167e+10,1.169e+10,0.612400530503979,1.57998289136014,2.57998289136014,0.173318753417168,6.88615812659402,0.0471733187534172,0.162383816293056,0.162383816293056,0.606432360742706,0.267769048627588
